term,source,rank,in_both
香り,cosme,1,False
保湿,cosme,2,True
クリーム,cosme,3,True
乾燥,cosme,4,True
洗顔,cosme,5,True
メイク,cosme,6,False
乳液,cosme,7,True
効果,cosme,8,True
化粧水,cosme,9,True
クレンジング,cosme,10,True
テクスチャー,cosme,11,False
毛穴,cosme,12,True
美容,cosme,13,True
使用感,cosme,14,False
日焼け,cosme,15,True
リニューアル,cosme,16,False
伸び,cosme,17,False
オイル,cosme,18,True
タイプ,cosme,19,False
洗い上がり,cosme,20,False
使い心地,cosme,21,False
下地,cosme,22,False
ジェル,cosme,23,False
乾燥肌,cosme,24,False
スキンケア,cosme,25,True
現品,cosme,26,False
嬉しい,cosme,27,True
化粧,cosme,28,False
敏感肌,cosme,29,True
cosme,cosme,30,False
動画,youtube,1,False
化粧水,youtube,2,True
かず,youtube,3,False
美容,youtube,4,True
ニキビ,youtube,5,False
効果,youtube,6,True
クレンジング,youtube,7,True
成分,youtube,8,False
スキンケア,youtube,9,True
クリーム,youtube,10,True
参考,youtube,11,False
乳液,youtube,12,True
洗顔,youtube,13,True
本当,youtube,14,False
毛穴,youtube,15,True
嬉しい,youtube,16,True
敏感肌,youtube,17,True
乾燥,youtube,18,True
日焼け,youtube,19,True
紹介,youtube,20,False
レチノール,youtube,21,False
おすすめ,youtube,22,False
最近,youtube,23,False
化粧品,youtube,24,False
先生,youtube,25,False
保湿,youtube,26,True
メラノ,youtube,27,False
ほしい,youtube,28,False
オイル,youtube,29,True
cc,youtube,30,False
