rakuten_product_id,tier_override
1make:10000000,cosmetics
aesthetic-value:10001577,cosmetics
aimere:10000523,cosmetics
aimere:10000618,cosmetics
aimere:10000643,cosmetics
aimere:10000644,cosmetics
ainoki-japan:10000041,cosmetics
akachanfude:10000418,cosmetics
akachanfude:10000472,cosmetics
akachanfude:10001572,cosmetics
angela-lash:10000960,cosmetics
angfa:10000405,cosmetics
apm24:10004676,cosmetics
arianakosume:10000487,cosmetics
arianakosume:10000637,cosmetics
arianakosume:10001722,cosmetics
arianakosume:10001906,cosmetics
arianakosume:10002249,cosmetics
asiabnc:10000094,cosmetics
asiabnc:10000228,cosmetics
asiabnc:10000243,cosmetics
asiabnc:10000310,cosmetics
atcare:10000031,cosmetics
atomya:10000013,cosmetics
atomya:10000132,cosmetics
attenir:10000327,cosmetics
auc-pa-ppar:10001147,cosmetics
auc-pa-ppar:10001767,cosmetics
auc-worldstore:10052930,cosmetics
beautyforest2018:10000576,cosmetics
beautyforest2018:10000777,cosmetics
beautyforest2018:10001207,cosmetics
beautyforest2018:10001311,cosmetics
beautyforest2018:10001768,cosmetics
beautyforest2018:10001824,cosmetics
beautypalace:10000186,cosmetics
bijin-cosme:10002499,cosmetics
bijin-cosme:10004299,cosmetics
blanc-lapin:10080708,cosmetics
bs-cosme:10000185,cosmetics
bunkoudou:10000018,cosmetics
bunkoudou:10000030,cosmetics
byurjapan:10000005,cosmetics
candy:10454002,cosmetics
candy:10454123,cosmetics
citrus-shop:10000017,cosmetics
citrus-shop:10001109,cosmetics
citrus-shop:10002476,cosmetics
clinique:10000007,cosmetics
clinique:10000241,cosmetics
clinique:10000555,cosmetics
clinique:10001369,cosmetics
cliojapan:10000199,cosmetics
cliojapan:10000211,cosmetics
cosme-venus:10000618,cosmetics
cosme-venus:10000852,cosmetics
cosme-venus:10001548,cosmetics
cosmediva:10000355,cosmetics
cosmediva:10001416,cosmetics
cosmediva:10002309,cosmetics
cosmediva:10004004,cosmetics
cosmedo:10000114,cosmetics
cosmeland:10000688,cosmetics
cosmeland:10003125,cosmetics
cosmeland:10021247,cosmetics
cosmelink:10003615,cosmetics
cosmelink:10010083,cosmetics
cosmelink:10061913,cosmetics
cosmelink:10066985,cosmetics
cosmenana:10003763,cosmetics
d-ray:10000001,cosmetics
d-ray:10000007,cosmetics
d-ray:10000052,cosmetics
daikanyama-st:10004811,cosmetics
deco-run:10000004,cosmetics
deconail-seisakujo:10001057,cosmetics
deconail-seisakujo:10001645,cosmetics
deconail-seisakujo:10003247,cosmetics
deconail-seisakujo:10004727,cosmetics
deconail-seisakujo:10004775,cosmetics
deconail-seisakujo:10004812,cosmetics
diamond-c:10000071,cosmetics
dream-t:10000103,cosmetics
dupwebshop:10002540,cosmetics
e-homare:10000280,cosmetics
esco-corp:10041201,cosmetics
etudehouse:10001142,cosmetics
everlife:10001075,cosmetics
everlife:10001324,cosmetics
everlife:10001572,cosmetics
fancl-shop:10010068,cosmetics
ffws:10006299,cosmetics
fujikobrand:10000052,cosmetics
fujikobrand:10000094,cosmetics
fujikobrand:10000119,cosmetics
fujikobrand:10000120,cosmetics
funnyelves:10000001,cosmetics
galleries:10000104,cosmetics
good-value-item:10002458,cosmetics
granbeautyon-line:10000183,cosmetics
granbeautyon-line:10000186,cosmetics
happyhouse:10000196,cosmetics
himawari-corp:10000000,cosmetics
hokorishop:10000028,cosmetics
ichifujiec:10000074,cosmetics
immeme:10000000,cosmetics
innisfree-official:10000694,cosmetics
jennydesse:11098077,cosmetics
justrich:10000740,cosmetics
kiseki-shop:10009636,cosmetics
koma:10001116,cosmetics
lilyanna:10000409,cosmetics
lilyanna:10000568,cosmetics
linofle:10000115,cosmetics
little-witch:10000310,cosmetics
ludia:10000191,cosmetics
ludia:10000212,cosmetics
ludia:10000418,cosmetics
lunasol:10000004,cosmetics
lunasol:10000285,cosmetics
luxystone:10002149,cosmetics
m4-magic:10000063,cosmetics
maccosmetics:10000299,cosmetics
maccosmetics:10000304,cosmetics
maccosmetics:10000566,cosmetics
maccosmetics:10000633,cosmetics
maccosmetics:10001118,cosmetics
mahalohalo:10000044,cosmetics
mahalohalo:10000046,cosmetics
mahalohalo:10000047,cosmetics
marble-inc:10000714,cosmetics
matsucame:10011783,cosmetics
matsuya-cosme:10008204,cosmetics
maybelline:10000338,cosmetics
maybelline:10000339,cosmetics
maybelline:10000340,cosmetics
maybelline:10000559,cosmetics
mikagami:10000023,cosmetics
mimori:10004139,cosmetics
mimori:10005313,cosmetics
missha:10001715,cosmetics
missha:10002519,cosmetics
missha:10004014,cosmetics
mugigokoro:10001886,cosmetics
nacre-beaute:10000728,cosmetics
nacre-beaute:10001787,cosmetics
nail-koubouu:10003105,cosmetics
nail-koubouu:10011202,cosmetics
nail-koubouu:10012097,cosmetics
nail-yasan:10016670,cosmetics
nail-yasan:10017264,cosmetics
nakano-d:10003824,cosmetics
nakano-d:10011570,cosmetics
naturalcosmetic:10000961,cosmetics
nemuru-shiawase:10000076,cosmetics
next-online:10000239,cosmetics
osharecafe:10000058,cosmetics
osharecafe:10003778,cosmetics
ovrtk:10000562,cosmetics
perfectdiary:10000000,cosmetics
petitprice:10000142,cosmetics
petitprice:10000192,cosmetics
phoebebeautyup:10000026,cosmetics
pinnacosme:10000050,cosmetics
pureco:10009180,cosmetics
pureco:10009742,cosmetics
rakuten24:11285303,cosmetics
reando:10000005,cosmetics
reliable:10002415,cosmetics
sapri-bk:10009816,cosmetics
sara-style:10000986,cosmetics
sara-style:10002144,cosmetics
shuuemura:10000342,cosmetics
shuuemura:10000418,cosmetics
sian:10002476,cosmetics
sian:10009492,cosmetics
sisterann:10000000,cosmetics
sisterann:10000001,cosmetics
sisterann:10000068,cosmetics
souq49:10000026,cosmetics
superdeal:10002043,cosmetics
superdeal:10002044,cosmetics
suzuyaebisudo:10000347,cosmetics
suzuyaebisudo:10000394,cosmetics
suzuyaebisudo:10000441,cosmetics
sweetmimistore:10000007,cosmetics
syufunomikata:10001559,cosmetics
tauhaus:10000259,cosmetics
tenjintool:10000075,cosmetics
tenjintool:10000114,cosmetics
thesaemcosmetic:10000006,cosmetics
thesaemcosmetic:10000128,cosmetics
thesaemcosmetic:10000129,cosmetics
tida-market:10000265,cosmetics
timage:10000000,cosmetics
tirtir:10000155,cosmetics
tirtir:10000181,cosmetics
tnr:10000095,cosmetics
tnr:10000119,cosmetics
tnr:10000174,cosmetics
tomfordbeauty:10000000,cosmetics
tomfordbeauty:10000003,cosmetics
tomfordbeauty:10000122,cosmetics
towabox:10000606,cosmetics
tracolle:10003413,cosmetics
tvert:10000074,cosmetics
tvert:10000172,cosmetics
tvert:10000178,cosmetics
valueprice:10000024,cosmetics
werelig:10000038,cosmetics
yeppeuda:10000005,cosmetics
yeppeuda:10000006,cosmetics
ymgs1981:10000000,cosmetics
ymgs1981:10000004,cosmetics
yslbeauty:10000091,cosmetics
yslbeauty:10000149,cosmetics
yslbeauty:10000152,cosmetics
yslbeauty:10000187,cosmetics
yslbeauty:10000307,cosmetics
yslbeauty:10000365,cosmetics
yumebank:10000007,cosmetics
yumebank:10000009,cosmetics
0101marui:12123624,skincare
0101marui:12123640,skincare
129-ink:10000001,skincare
129-ink:10000002,skincare
129-ink:10000016,skincare
129-ink:10000018,skincare
129-ink:10000025,skincare
129-ink:10000036,skincare
129-ink:10000047,skincare
129-ink:10000053,skincare
40s-skincare:10000000,skincare
45cm-store:10000006,skincare
7esthe-pro:10027200,skincare
7esthe-pro:10027626,skincare
7esthe-pro:10029565,skincare
7esthe-pro:10030920,skincare
7esthe-pro:10033349,skincare
a-cueb:10000020,skincare
a-cueb:10000023,skincare
a-cueb:10000086,skincare
a-cueb:10000267,skincare
a-cueb:10000286,skincare
a-cueb:10000291,skincare
a-cueb:10000517,skincare
a-cueb:10000709,skincare
a-cueb:10000965,skincare
a-cueb:10000991,skincare
a-cueb:10002578,skincare
a-cueb:10003046,skincare
a-cueb:10003383,skincare
a-cueb:10003482,skincare
a-cueb:10004890,skincare
a-cueb:10005309,skincare
a-cueb:10005406,skincare
ablana:10000615,skincare
accent:10000001,skincare
accent:10000007,skincare
accent:10000009,skincare
accent:10000015,skincare
ada7:10000001,skincare
adom:10000158,skincare
adpentel:10000081,skincare
adpentel:10000082,skincare
adpentel:10000083,skincare
adpentel:10000084,skincare
adpentel:10000085,skincare
adpentel:10000087,skincare
adpentel:10000091,skincare
aequalis:10000117,skincare
aestura-japan:10000007,skincare
afc:10033720,skincare
afc:10033761,skincare
agea-official:10000000,skincare
aibeaute:10000087,skincare
aihome:10000070,skincare
aimere:10000486,skincare
aimere:10000496,skincare
aimere:10000497,skincare
aimere:10000673,skincare
aimere:10001726,skincare
aimere:10001788,skincare
aimere:10002082,skincare
aimere:10002083,skincare
aimere:10002095,skincare
aimere:10002861,skincare
akaran:10000001,skincare
akaran:10000006,skincare
akaran:10000019,skincare
akaran:10000049,skincare
akaran:10000130,skincare
akaran:10000237,skincare
akbeauty:10000001,skincare
albumec:10003261,skincare
almari:10000040,skincare
aloestore:10003265,skincare
and-a-me:10000023,skincare
and-be:10000039,skincare
angela-lash:10000142,skincare
angelingg:10000990,skincare
angfa:10000027,skincare
angfa:10000347,skincare
angfa:10001034,skincare
angfa:10003767,skincare
angfa:10003957,skincare
angfa:10004300,skincare
angfa:10005941,skincare
angfa:10005944,skincare
angfa:10006195,skincare
angfa:10006198,skincare
angfa:10008937,skincare
angfa:10009004,skincare
angfa:10009026,skincare
angfa:10009096,skincare
angfa:10009200,skincare
angfa:10009203,skincare
angfa:10009301,skincare
annuum:10000492,skincare
anshin-kenkou:10000006,skincare
anuajapan:10000000,skincare
anuajapan:10000021,skincare
anuajapan:10000149,skincare
anuajapan:10000190,skincare
anuajapan:10000282,skincare
anuajapan:10000361,skincare
anuajapan:10000382,skincare
aokinomori:10000156,skincare
apm24:10002122,skincare
apm24:10002135,skincare
apm24:10002137,skincare
apm24:10002139,skincare
apm24:10002229,skincare
apm24:10002295,skincare
apm24:10002314,skincare
apm24:10002319,skincare
apm24:10002365,skincare
apm24:10002567,skincare
apm24:10004660,skincare
apm24:10004682,skincare
apm24:10004760,skincare
apm24:10004883,skincare
apr-japan:10000376,skincare
apr-japan:10000839,skincare
apr-japan:10000862,skincare
aquatopia:10000213,skincare
areti:10000013,skincare
arianakosume:10000332,skincare
arianakosume:10000396,skincare
arianakosume:10002144,skincare
arianakosume:10003138,skincare
arianakosume:10005173,skincare
arianakosume:10006072,skincare
aromalab:10002535,skincare
asahiyama:10000687,skincare
ashiya:10000271,skincare
asiabnc:10000224,skincare
atbijin:10000605,skincare
attenir:10000226,skincare
attenir:10000227,skincare
attenir:10000230,skincare
attenir:10000231,skincare
attenir:10000235,skincare
attenir:10000239,skincare
attenir:10000244,skincare
attenir:10000246,skincare
attenir:10000250,skincare
attenir:10000252,skincare
attenir:10000276,skincare
attenir:10000284,skincare
attenir:10000286,skincare
attenir:10000303,skincare
attenir:10000312,skincare
attenir:10000313,skincare
attenir:10000388,skincare
attenir:10000446,skincare
attenir:10000449,skincare
attenir:10000451,skincare
attenir:10000503,skincare
attenir:10000505,skincare
attenir:10000521,skincare
attenir:10000534,skincare
attenir:10000546,skincare
attenir:10000557,skincare
attenir:10000605,skincare
attenir:10000615,skincare
auc-azzuro-:10001323,skincare
auc-azzuro-:10005689,skincare
auc-azzuro-:10020042,skincare
auc-azzuro-:10021044,skincare
auc-bioiv:10001893,skincare
auc-centrex:10000052,skincare
auc-naturas-psychos:10000681,skincare
aurora77:10000205,skincare
aurora77:10000388,skincare
aurora77:10000569,skincare
awawa:10000362,skincare
b-bell:10002289,skincare
b-bell:10002786,skincare
babycresco:10000472,skincare
babycresco:10000929,skincare
bali-matahari:10000153,skincare
bali-matahari:10000171,skincare
bali-matahari:10000187,skincare
baselab:10000308,skincare
baselab:10000367,skincare
bathlier:10002456,skincare
bathlier:10002458,skincare
bathlier:10002461,skincare
bathlier:10002984,skincare
bayubayu:10000226,skincare
bcl-official:10000626,skincare
bcl-official:10000725,skincare
be-garden:10000464,skincare
be-garden:10000577,skincare
be-garden:10000827,skincare
be-garden:10000828,skincare
be-garden:10000830,skincare
be-wey:10000025,skincare
beans-sa:10000003,skincare
beans-sa:10000004,skincare
beans-sa:10000494,skincare
beautifultoybox:10002409,skincare
beauty-bank:10000009,skincare
beauty-health-shop:10000007,skincare
beautyforest2018:10000125,skincare
beautyforest2018:10000703,skincare
beautyforest2018:10001266,skincare
beautyhair:10001396,skincare
beautymagic-japan:10000052,skincare
beautypark2017:10000950,skincare
beautypark2017:10000957,skincare
beautypark2017:10001825,skincare
beautypark2017:10003105,skincare
beautypark2017:10003107,skincare
becosme:10000292,skincare
belipu:10000011,skincare
benatural:10000782,skincare
bene-c:10000486,skincare
benkyo:10145514,skincare
benowa:10000232,skincare
benowa:10000680,skincare
bglen:10000000,skincare
bglen:10000002,skincare
bglen:10000004,skincare
bicle:10000044,skincare
bicle:10000089,skincare
bicle:10000102,skincare
bicle:10000161,skincare
bijin-cosme:10000004,skincare
bijin-cosme:10000287,skincare
bijin-cosme:10000347,skincare
bijin-cosme:10000355,skincare
bijinlabo:10000730,skincare
bilux:10000136,skincare
bio-fujisawa:10001302,skincare
bioderma:10000089,skincare
biohealboh:10000003,skincare
biohealboh:10000043,skincare
biotech-shop:10000639,skincare
birthbankshop:10000235,skincare
biyoukenko:10000007,skincare
blancnature:10000000,skincare
blancnature:10000002,skincare
bosii:10000010,skincare
bosii:10000013,skincare
botanical-peel:10000009,skincare
brain-service:10000078,skincare
brain-service:10000144,skincare
brain-service:10000265,skincare
brandshiseido:10000001,skincare
brandshiseido:10000010,skincare
brandshiseido:10000013,skincare
brandshiseido:10000016,skincare
brandshiseido:10000124,skincare
brightage-regain:10000021,skincare
brightage-regain:10000027,skincare
brightage-regain:10000038,skincare
brilliage1:10000112,skincare
bs-cosme:10000064,skincare
bs-cosme:10000065,skincare
bs-cosme:10000085,skincare
bs-cosme:10000086,skincare
bs-cosme:10000087,skincare
bs-cosme:10000091,skincare
bs-cosme:10000173,skincare
bs-cosme:10000239,skincare
bs-cosme:10000339,skincare
bs-cosme:10000442,skincare
bs-cosme:10000800,skincare
busy-official:10000000,skincare
bynaillabo:10000305,skincare
cadre:10000006,skincare
candy:10453497,skincare
candy:10454362,skincare
capellabeauty:10000009,skincare
cbja:10000145,skincare
cbja:10000153,skincare
ceevs:10000000,skincare
celebeauty:10000626,skincare
celebeauty:10000678,skincare
cella:10000015,skincare
cerapla:10000000,skincare
cerapla:10000002,skincare
cetaphil-official-gkk:10000149,skincare
cetaphil-official-gkk:10000168,skincare
cetaphil-official-gkk:10000169,skincare
chakasho-dina:10000331,skincare
chapon:10000001,skincare
charimeti:10000022,skincare
checarino:10000329,skincare
checarino:10000580,skincare
chouchou-store:10000080,skincare
churacos:10000117,skincare
churacos:10000122,skincare
churacos:10000203,skincare
churacos:10000217,skincare
cicib:10002793,skincare
cicib:10003257,skincare
cicibella-sports:10000967,skincare
cicibella-sports:10001399,skincare
ciracle:10000017,skincare
citrus-shop:10000018,skincare
cleosbeaute:10000010,skincare
cleosbeaute:10000032,skincare
clinique:10000110,skincare
clinique:10000111,skincare
clinique:10000124,skincare
clinique:10000149,skincare
clinique:10000158,skincare
clinique:10000165,skincare
clinique:10000166,skincare
clinique:10000286,skincare
clinique:10001017,skincare
clinique:10001023,skincare
clinique:10001156,skincare
clinique:10001164,skincare
co-medi:10000369,skincare
cocobambi:10000175,skincare
cocobeau:10003933,skincare
collagen-behappy:10000084,skincare
copa:10000770,skincare
cosme-venus:10000903,skincare
cosme-venus:10001004,skincare
cosme-venus:10004083,skincare
cosme-venus:10008517,skincare
cosme-venus:10009668,skincare
cosmecomonline:10001435,skincare
cosmecube:10000548,skincare
cosmediva:10003278,skincare
cosmediva:10008324,skincare
cosmedo:10000007,skincare
cosmejitan-r:10000356,skincare
cosmejitan-r:10000360,skincare
cosmejitan-r:10000491,skincare
cosmejitan-r:10000493,skincare
cosmeland:10010918,skincare
cosmeland:10011157,skincare
cosmeland:10016201,skincare
cosmeland:10030459,skincare
cosmeland:10031479,skincare
cosmeland:10143889,skincare
cosmeplatinum:10000038,skincare
cosmeplatinum:10000103,skincare
cosmeplatinum:10000173,skincare
cosmeplatinum:10000180,skincare
cosmeplatinum:10000296,skincare
cosmeplatinum:10000300,skincare
cosmeplatinum:10000425,skincare
cosmest-1:10000542,skincare
cosmest-1:10000929,skincare
cosmetic:10000014,skincare
cosmetic:10000675,skincare
cosmezakka:10001718,skincare
cosrx-official:10000202,skincare
cosrx-official:10000250,skincare
craftpark:10003045,skincare
creidea-coms:10001779,skincare
creidea-coms:10001780,skincare
creidea-coms:10001783,skincare
cscjp:10000126,skincare
cscjp:10000342,skincare
cscjp:10000860,skincare
cube-up:10000208,skincare
curemart:10002525,skincare
d-ray:10000023,skincare
d-ray:10000027,skincare
daikisone:10000621,skincare
dalba:10000011,skincare
dalba:10000072,skincare
dalba:10000084,skincare
dalba:10000122,skincare
dalba:10000224,skincare
dalba:10000272,skincare
dalba:10000274,skincare
dalba:10000351,skincare
dalba:10000357,skincare
dalba:10000424,skincare
dalba:10000426,skincare
dalba:10000482,skincare
dayz7200:10041806,skincare
dayz7200:10042026,skincare
dayz7200:10042027,skincare
dear-lily:10000001,skincare
dear-lily:10000021,skincare
dear-lily:10000035,skincare
dear-lily:10000046,skincare
dear-lily:10000066,skincare
dear-lily:10000078,skincare
dear-lily:10000089,skincare
dear-lily:10000101,skincare
dear-lily:10000109,skincare
dear-lily:10000136,skincare
decencia:10000014,skincare
decencia:10000024,skincare
deconail-seisakujo:10002837,skincare
deconail-seisakujo:10002850,skincare
deepsweetlove:10000067,skincare
deepsweetlove:10000070,skincare
deepsweetlove:10000078,skincare
depachikab1:10001062,skincare
dhcshop:10000077,skincare
dhcshop:10002440,skincare
dime:10008038,skincare
dime:10008112,skincare
dime:10145115,skincare
dmastore:10000480,skincare
doctork-official:10000013,skincare
domecare:10000008,skincare
domecare:10000018,skincare
dr-recella:10000008,skincare
dr-recella:10000011,skincare
dr-recella:10000023,skincare
dralthea:10000013,skincare
dralthea:10000020,skincare
drci-labo:10000244,skincare
drci-labo:10000245,skincare
dream-t:10000143,skincare
dream-t:10000328,skincare
duffrane:10000000,skincare
duffrane:10000001,skincare
duffrane:10000006,skincare
duffrane:10000170,skincare
dupwebshop:10003095,skincare
e-sts:10004602,skincare
edoya13:10000132,skincare
eenail:10002559,skincare
embellir0430:10000259,skincare
embellir0430:10000262,skincare
ess-shop:10001746,skincare
este-beauty-h:10000005,skincare
esthe-time:10000029,skincare
etvos:10000446,skincare
etvos:10000818,skincare
evis-hair:10000142,skincare
exbeaute:10000552,skincare
excitech:10000115,skincare
f092100-ohtawara:10000574,skincare
fancl-shop:10000003,skincare
fancl-shop:10000030,skincare
fancl-shop:10000033,skincare
fancl-shop:10000036,skincare
fancl-shop:10000092,skincare
fancl-shop:10000107,skincare
fancl-shop:10000233,skincare
fancl-shop:10000248,skincare
fancl-shop:10004346,skincare
fancl-shop:10008839,skincare
fancl-shop:10008844,skincare
fancl-shop:10009026,skincare
fancl-shop:10009087,skincare
fancl-shop:10009093,skincare
fancl-shop:10009421,skincare
fancl-shop:10009493,skincare
fancl-shop:10009499,skincare
fancl-shop:10009501,skincare
fancl-shop:10009551,skincare
fancl-shop:10009747,skincare
fancl-shop:10009749,skincare
fancl-shop:10009801,skincare
fancl-shop:10009823,skincare
fancl-shop:10009845,skincare
fancl-shop:10009885,skincare
fancl-shop:10009896,skincare
fancl-shop:10009950,skincare
fancl-shop:10009982,skincare
fancl-shop:10010008,skincare
fancl-shop:10010055,skincare
fancl-shop:10010057,skincare
fancl-shop:10010086,skincare
favorina:10000856,skincare
femly:10000003,skincare
fineday:10000002,skincare
fineday:10000003,skincare
fineday:10000004,skincare
fineday:10000005,skincare
fineday:10000029,skincare
fiore-sports:10000239,skincare
fiorello:10000056,skincare
fiorello:10028917,skincare
fitone:10028331,skincare
florihana:10000347,skincare
florihana:10000348,skincare
foremost:10127028,skincare
formalklein:10001456,skincare
fromcocoro:10000347,skincare
fromnature:10000000,skincare
fromnature:10000008,skincare
fujifilm-h:10000131,skincare
fujifilm-h:10000135,skincare
fujifilm-h:10000160,skincare
fujifilm-h:10000162,skincare
fujifilm-h:10000171,skincare
fujifilm-h:10000271,skincare
fujifilm-h:10000272,skincare
fujifilm-h:10000279,skincare
fujifilm-h:10000295,skincare
fujifilm-h:10000296,skincare
fujifilm-h:10000302,skincare
fujifilm-h:10000329,skincare
fujifilm-h:10000333,skincare
fujifilm-h:10000335,skincare
fujifilm-h:10000336,skincare
fujifilm-h:10000365,skincare
fujifilm-h:10000388,skincare
fujifilm-h:10000441,skincare
funnyelves:10000026,skincare
g-and-a:10000018,skincare
g-and-a:10000264,skincare
g-nail:10017635,skincare
g-one:10000024,skincare
g-one:10000148,skincare
garden-beauty:10000263,skincare
garden-beauty:10000325,skincare
generic-cosmetics:10000001,skincare
geomart:10011383,skincare
geomart:10011384,skincare
geomart:10012692,skincare
gjapan-beauty:10000907,skincare
good-item:10001883,skincare
good-value-item:10001018,skincare
good-value-item:10003732,skincare
goodsmile:10000108,skincare
granbeautyon-line:10000005,skincare
granbeautyon-line:10000023,skincare
granbeautyon-line:10000024,skincare
granbeautyon-line:10000189,skincare
granbeautyon-line:10001078,skincare
greenpacks:10003387,skincare
h-maruhan:10001020,skincare
h2o-0902-shop:10000001,skincare
h2o-0902-shop:10000005,skincare
h2o-e:10000105,skincare
hadamaru-shop:10000021,skincare
hadamaru-shop:10000055,skincare
hair-kirakira:10016711,skincare
haneru-shop:10000067,skincare
haneru-shop:10000155,skincare
happylife-shop:10000043,skincare
happylife-shop:10001863,skincare
happylife-shop:10003918,skincare
happylife-shop:10003920,skincare
happylife-shop:10004038,skincare
haraya:10000063,skincare
harmony:10000898,skincare
harmony:10000899,skincare
harushop:10000041,skincare
harushop:10000184,skincare
helena:10000392,skincare
helena:10000393,skincare
high-touch:10000044,skincare
high-touch:10000218,skincare
hime-labo:10000000,skincare
hime-labo:10000001,skincare
hime-labo:10000006,skincare
hime-labo:10000007,skincare
hiragana1:10000046,skincare
hobbyone:10116241,skincare
hoshinoya-bodyscrub:10000000,skincare
hoshinoya-bodyscrub:10000001,skincare
hoshinoya-bodyscrub:10000007,skincare
houseofrose-shop:10000000,skincare
hugkumi:10000351,skincare
hugkumi:10000378,skincare
hugkumi:10000426,skincare
i-apros:10000107,skincare
i-apros:10000460,skincare
ibiki-kenkyujyo:10000575,skincare
ibiki-kenkyujyo:10000580,skincare
iclione:10000017,skincare
idealife:10000297,skincare
ideastore:10000002,skincare
ikum-shop:10000008,skincare
ikum-shop:10000016,skincare
ikum-shop:10000026,skincare
ikum-shop:10000071,skincare
ikum-shop:10000148,skincare
ikum-shop:10000195,skincare
ikum-shop:10000196,skincare
importjack:10001353,skincare
inksc:10000356,skincare
inksc:10000388,skincare
inksc:10000398,skincare
innisfree-official:10001364,skincare
innisfree-official:10001411,skincare
innisfree-official:10001509,skincare
inter-c:10001489,skincare
inter-c:10001695,skincare
irie:10005111,skincare
isis:10000913,skincare
isis:10002024,skincare
isis:10003657,skincare
itemjapan:10001212,skincare
ito-ito:10000023,skincare
ito-ito:10000121,skincare
japannail:10000671,skincare
japannail:10000764,skincare
japannail:10001496,skincare
japoneira:10000001,skincare
jgplaza:10000023,skincare
jgplaza:10000219,skincare
jhb:10000516,skincare
jpslabo:10000052,skincare
jrs7777:10000008,skincare
jrs7777:10000054,skincare
jrs7777:10000056,skincare
jrs7777:10000074,skincare
justrich:10001157,skincare
k-spa-cosmetics:10000078,skincare
k7craft:10000828,skincare
kaitekispace:10000110,skincare
kaizenbiyoshop:10000059,skincare
kaketoko:10000218,skincare
kamien:10001051,skincare
kamifu-sen:10000000,skincare
kaminidoramawo:10000002,skincare
kaminidoramawo:10000004,skincare
kaminii-hair:10000000,skincare
kaminii-hair:10000001,skincare
kaminii-hair:10000003,skincare
kaminii-hair:10000018,skincare
kaminomoto:10000004,skincare
kamiya:10004239,skincare
kamiya:10005633,skincare
kawasakigroup:10002566,skincare
kenbira:10000001,skincare
kenko-sakas:10000003,skincare
kenkoex:10050621,skincare
kenmori:10000055,skincare
kerastase-varie:10000004,skincare
kerastase-varie:10000005,skincare
kerastase-varie:10000202,skincare
kiehls:10000016,skincare
kiehls:10000018,skincare
kiehls:10000021,skincare
kiehls:10000038,skincare
kiehls:10000083,skincare
kiehls:10000096,skincare
kiehls:10000152,skincare
kins:10000027,skincare
kins:10000056,skincare
kinsui:10000487,skincare
kinsui:10000488,skincare
kirarithm:10000162,skincare
kirei-mitsuketa:10000483,skincare
kireidelab:10000449,skincare
kireims:10000008,skincare
kireims:10000232,skincare
kireispot:10001514,skincare
kireispot:10001516,skincare
kireispot:10065378,skincare
kiso:10000019,skincare
kiso:10000026,skincare
kiso:10000054,skincare
kiso:10000088,skincare
kiso:10000091,skincare
kiso:10000092,skincare
kiso:10000093,skincare
kiso:10000098,skincare
kiso:10000099,skincare
kiso:10000109,skincare
kiso:10000110,skincare
kiso:10000135,skincare
kiso:10000147,skincare
kiso:10000153,skincare
kiso:10000202,skincare
kiso:10000207,skincare
kiso:10000208,skincare
kiso:10000231,skincare
kiso:10000253,skincare
kiso:10000266,skincare
kkscosme:10000031,skincare
kobe-beauty-labo:10000259,skincare
kobe-beauty-labo:10000263,skincare
kobe-beauty-labo:10000446,skincare
kobe-beauty-labo:10001924,skincare
kobe-beauty-labo:10002193,skincare
kobe-beauty-labo:10002194,skincare
kobe-beauty-labo:10002195,skincare
kobe-beauty-labo:10002224,skincare
kobe-beauty-labo:10002365,skincare
kobe-beauty-labo:10002415,skincare
kobe-beauty-labo:10002511,skincare
kohgendo:10000040,skincare
kokage-shop:10000184,skincare
koloha:10000012,skincare
koloha:10000053,skincare
koma:10001078,skincare
kumokumo-square:10063869,skincare
kyunan:10012836,skincare
kyunan:10019583,skincare
la-primavera:10000198,skincare
la-primavera:10000378,skincare
lagom-store:10000038,skincare
lancome:10000010,skincare
lancome:10000015,skincare
lancome:10000136,skincare
lancome:10000143,skincare
lancome:10000253,skincare
laneige-r:10000015,skincare
laneige-r:10000019,skincare
laneige-r:10000101,skincare
laneige-r:10000128,skincare
larocheposay:10000013,skincare
larocheposay:10000014,skincare
larocheposay:10000016,skincare
larocheposay:10000039,skincare
larocheposay:10000063,skincare
larocheposay:10000116,skincare
lavie-beauty:10000007,skincare
lccosme:10000000,skincare
leep:10000906,skincare
leep:10000908,skincare
leep:10001067,skincare
leglock:10000176,skincare
lekarka:10000131,skincare
lesthemo:10000001,skincare
lesthemo:10000002,skincare
lesthemo:10000004,skincare
lesthemo:10000006,skincare
lesthemo:10000018,skincare
lesthemo:10000033,skincare
lesthemo:10000061,skincare
lesthemo:10000258,skincare
lesthemo:10000866,skincare
libertacreate:10000362,skincare
lifedesignstore:10000120,skincare
loccitane:10000686,skincare
loco:10000442,skincare
loook:10004451,skincare
lorelife:10000011,skincare
lucia:10000005,skincare
ludia:10000057,skincare
luire:10004495,skincare
luire:10004549,skincare
luire:10004629,skincare
luire:10004972,skincare
luire:10004982,skincare
luire:10005032,skincare
luire:10005042,skincare
luire:10005100,skincare
luire:10005128,skincare
luire:10005327,skincare
luire:10005375,skincare
luire:10005399,skincare
luire:10005422,skincare
luire:10005457,skincare
luire:10005665,skincare
luire:10005713,skincare
luire:10005782,skincare
luire:10005954,skincare
luire:10005957,skincare
luire:10005997,skincare
luire:10006143,skincare
luire:10006162,skincare
luire:10006172,skincare
luire:10006188,skincare
luire:10006219,skincare
lujo:10000020,skincare
lululun-shop:10000189,skincare
lululun-shop:10000476,skincare
lululun-shop:10000560,skincare
lululun-shop:10000568,skincare
lululun-shop:10000875,skincare
lumax-cj:10002945,skincare
lumax-cj:10005779,skincare
lunasol:10000372,skincare
macchialabel:10000057,skincare
macchialabel:10000058,skincare
magicnumber:10000000,skincare
magicsoo:10000016,skincare
magicsoo:10000055,skincare
magicsoo:10000576,skincare
magicsoo:10000787,skincare
mahou-soap:10000138,skincare
mahou-soap:10000141,skincare
mahou-soap:10000208,skincare
mahou-soap:10000234,skincare
mahou-soap:10000246,skincare
mahou-soap:10000405,skincare
mahou-soap:10000422,skincare
mahou-soap:10000423,skincare
mahou-soap:10000601,skincare
makadamiya:10000001,skincare
makadamiya:10000003,skincare
makadamiya:10000037,skincare
makadamiya:10000115,skincare
makadamiya:10000162,skincare
makadamiya:10000166,skincare
makadamiya:10000175,skincare
makadamiya:10000176,skincare
makadamiya:10000185,skincare
makadamiya:10000475,skincare
makadamiya:10000512,skincare
makadamiya:10000528,skincare
makadamiya:10000609,skincare
makadamiya:10000679,skincare
makadamiya:10000688,skincare
makadamiya:10001044,skincare
makadamiya:10001335,skincare
makadamiya:10002200,skincare
makadamiya:10002301,skincare
makadamiya:10002448,skincare
makadamiya:10002829,skincare
makadamiya:10002830,skincare
mama-select:10000114,skincare
mamucosmetic:10000000,skincare
manara:10000214,skincare
manyo-official:10000027,skincare
manyo-official:10000032,skincare
manyo-official:10000089,skincare
manyo-official:10000132,skincare
maple-market:10000011,skincare
marble-inc:10000311,skincare
marche-marche:10000608,skincare
mariage:10000403,skincare
maru-mall:10000232,skincare
maruki:10000643,skincare
matsuya-cosme:10009249,skincare
matsuya-cosme:10009251,skincare
matsuyo:10013571,skincare
maybelline:10000336,skincare
mcosme-style:10001779,skincare
medlf:10000041,skincare
medlf:10000047,skincare
medlf:10000099,skincare
medlf:10000100,skincare
medlf:10000101,skincare
medlf:10000102,skincare
medlf:10000107,skincare
medlf:10000124,skincare
medlf:10000134,skincare
medlf:10000139,skincare
medlf:10000157,skincare
medlf:10000158,skincare
medlf:10000167,skincare
medlf:10000182,skincare
medlf:10000184,skincare
megu:10000026,skincare
menscosme-zigen:10000002,skincare
menzsap:10000813,skincare
menzsap:10000835,skincare
menzsap:10001258,skincare
menzsap:10001267,skincare
menzsap:10001288,skincare
menzsap:10001291,skincare
menzsap:10001304,skincare
menzsap:10001307,skincare
meon-by-gangnamdoll:10000033,skincare
merica:10000001,skincare
merica:10000095,skincare
midorimushishop:10000575,skincare
midorinomori:10000002,skincare
midorinomori:10000003,skincare
midorinomori:10000005,skincare
midorinomori:10000006,skincare
mikagami:10000008,skincare
milasic:10000307,skincare
mimizu:10000319,skincare
mimizu:10001426,skincare
mimori:10003859,skincare
mino-soap:10000001,skincare
miraclim:10001483,skincare
miraclim:10001913,skincare
miraclim:10001916,skincare
miraclim:10001936,skincare
miraclim:10002442,skincare
mishii-list:10000057,skincare
missha:10004115,skincare
mmoon:10000622,skincare
mmoon:10000652,skincare
mmoon:10000775,skincare
mmoon:10000809,skincare
mmoon:10000890,skincare
mmoon:10000908,skincare
mmoon:10000915,skincare
mmoon:10001008,skincare
mmoon:10001275,skincare
mmoon:10002333,skincare
mmoon:10002373,skincare
mmoon:10002781,skincare
mmoon:10002807,skincare
mmoon:10002826,skincare
mmoon:10003915,skincare
mmoon:10004021,skincare
mmoon:10004329,skincare
molti:10000001,skincare
molti:10000003,skincare
molti:10000013,skincare
molti:10000039,skincare
molti:10000046,skincare
molti:10000081,skincare
morecosme:10000323,skincare
moritaya:10000144,skincare
motebeauty:10000456,skincare
motebeauty:10000472,skincare
motebeauty:10000497,skincare
motebeauty:10000581,skincare
motebeauty:10000631,skincare
motebeauty:10000817,skincare
motebeauty:10000839,skincare
motebeauty:10001002,skincare
motebeauty:10050091,skincare
motebeauty:10051610,skincare
motebeauty:10051658,skincare
motebeauty:10052743,skincare
motebeauty:10084754,skincare
motebeauty:10084774,skincare
motebeauty:10084790,skincare
motebeauty:10085439,skincare
motebeauty:10085648,skincare
mtgec-beauty:10002242,skincare
mugigokoro:10000030,skincare
mugigokoro:10002770,skincare
murasakikoubou:10000007,skincare
mutenpo:10000515,skincare
myu-tech:10000000,skincare
nacre-beaute:10000005,skincare
nacre-beaute:10006912,skincare
nagomisabo:10001299,skincare
nagomisabo:10001629,skincare
nagomisabo:10001630,skincare
nagomisabo:10001735,skincare
nail-koubouu:10003108,skincare
nail-koubouu:10007961,skincare
nailkoubou:10003747,skincare
nakano-d:10010849,skincare
nakano-d:10014492,skincare
nakano-d:10017923,skincare
nakano-d:10023544,skincare
namaco-soap:10000010,skincare
nanoclo-plus:10000102,skincare
nat-gar:10000055,skincare
natule:10001257,skincare
naturalcosmetic:10000242,skincare
naturalcosmetic:10000253,skincare
naturalcosmetic:10000277,skincare
naturalcosmetic:10000472,skincare
naturalcosmetic:10000553,skincare
naturalcosmetic:10000564,skincare
naturalcosmetic:10000576,skincare
naturalcosmetic:10000707,skincare
naturalcosmetic:10000812,skincare
naturalcosmetic:10000888,skincare
naturalcosmetic:10000897,skincare
naturalcosmetic:10001205,skincare
naturalcosmetic:10001296,skincare
naturalcosmetic:10001919,skincare
naturalcosmetic:10002006,skincare
naturalshiko:10000016,skincare
naturein-store:10000046,skincare
natureine:10000000,skincare
natureine:10000015,skincare
natureine:10000017,skincare
natureine:10000018,skincare
natureine:10000020,skincare
natureine:10000068,skincare
natureine:10000333,skincare
natureine:10000621,skincare
naturelab:10005934,skincare
natureswayshop:10001599,skincare
nc-bar:10000084,skincare
nealsyard:10001079,skincare
nealsyard:10001512,skincare
neesa:10001273,skincare
neesa:10001434,skincare
nenrin-lab:10000052,skincare
neo-natural:10000326,skincare
neo-natural:10000401,skincare
neo-neo:10002848,skincare
neo-neo:10002849,skincare
neo-neo:10002979,skincare
neo-neo:10003001,skincare
netsale:10008685,skincare
netsale:10008686,skincare
netsbee:10014527,skincare
nextera2021:10000052,skincare
nice-shop:10000637,skincare
nichian:10000554,skincare
nichibi-store:10000140,skincare
nichibi-store:10000686,skincare
nn3beauty:10000034,skincare
norph:10000036,skincare
norph:10000038,skincare
ogaland-life-essence:10000255,skincare
ogaland-life-essence:10000273,skincare
oganic:10000000,skincare
oganic:10000102,skincare
oganic:10000126,skincare
ohsdie:10000010,skincare
ohsdie:10000020,skincare
onemakem:10000039,skincare
onemakem:10000101,skincare
onemakem:10000989,skincare
online-drug:10000456,skincare
orbis-shop:10000246,skincare
orbis-shop:10000470,skincare
orbis-shop:10000763,skincare
organicscience:10000033,skincare
osharecafe:10000493,skincare
osharecafe:10006766,skincare
osharecafe:10013893,skincare
otbj:10000594,skincare
otbj:10001077,skincare
otbj:10001200,skincare
p-antiaging:10000046,skincare
p-antiaging:10000065,skincare
p-antiaging:10000142,skincare
p-antiaging:10000161,skincare
parusu:10041634,skincare
pdc-shop:10000101,skincare
peau:10000011,skincare
petitprice:10000607,skincare
pikaichi:10000003,skincare
pinatural:10000030,skincare
pinatural:10000055,skincare
pinnacosme:10000004,skincare
pinoclub:10000000,skincare
plage-mb:10000070,skincare
plage-mb:10000080,skincare
pluestshop:10000058,skincare
polapola:10000004,skincare
polapola:10000090,skincare
primaryinc:10000001,skincare
primaryinc:10000002,skincare
primaryinc:10000003,skincare
primoordine:10000096,skincare
prinature:10000011,skincare
prinature:10000083,skincare
prinature:10000190,skincare
proactiv-official:10001912,skincare
proactiv-official:10001954,skincare
proactiv-official:10002000,skincare
procosme:10006102,skincare
pureco:10007663,skincare
pureco:10007894,skincare
pycno:10000240,skincare
pycno:10000241,skincare
pycno:10000248,skincare
pycno:10000262,skincare
pycno:10000275,skincare
pycno:10000280,skincare
pycno:10000486,skincare
pycno:10000729,skincare
pycno:10000730,skincare
pycno:10000734,skincare
pycno:10000735,skincare
pycno:10000752,skincare
pycno:10000797,skincare
pycno:10000855,skincare
pycno:10001188,skincare
pycno:10002781,skincare
pycno:10004191,skincare
pycno:10004814,skincare
pycno:10006775,skincare
pycno:10007186,skincare
pycno:10008270,skincare
pycno:10008331,skincare
pycno:10008496,skincare
pycno:10009115,skincare
pycno:10009142,skincare
pycno:10009157,skincare
q1st-darma:10000005,skincare
q1st:10000002,skincare
q1st:10000144,skincare
q1st:10000148,skincare
q1st:10000177,skincare
quattro-botanico:10000130,skincare
que-bath:10000044,skincare
que-bath:10000065,skincare
que-bath:10000082,skincare
que-bath:10000085,skincare
queenroom88:10000118,skincare
r-and-y:10000960,skincare
r-labo:10000024,skincare
r-labo:10000032,skincare
raffi-hair:10000150,skincare
raffi-hair:10000151,skincare
rakuten24-cosmetics:10000529,skincare
rakuten24:10247766,skincare
rakuten24:10913180,skincare
rakuten24:10929577,skincare
rakuten24:11095955,skincare
rakuten24:11097713,skincare
rakuten24:11181724,skincare
rakuten24:11285302,skincare
rakuten24:11310814,skincare
ravina:10000000,skincare
ravina:10000001,skincare
ravina:10000029,skincare
ravina:10000036,skincare
ravina:10000045,skincare
re-ine:10001452,skincare
re-ine:10001467,skincare
re-ine:10001520,skincare
relief10:10001595,skincare
renngekesyousui:10000002,skincare
retouch-tokyo:10000012,skincare
revlon:10000363,skincare
riceforce:10000031,skincare
riceforce:10000115,skincare
rikaryo:10005662,skincare
rikaryo:10006219,skincare
risou:10000039,skincare
risou:10000064,skincare
risou:10000066,skincare
risou:10000071,skincare
risou:10000082,skincare
risou:10000380,skincare
rmbt:10000060,skincare
rmbt:10000146,skincare
rosette-shop:10000008,skincare
rouge-yao:10007057,skincare
ru-collagen:10000074,skincare
ru-collagen:10000136,skincare
ru-collagen:10000139,skincare
ru-collagen:10000233,skincare
rush-mall:10009669,skincare
rush-mall:10012650,skincare
rush-mall:10015399,skincare
ryokucyaen:10000104,skincare
ryokucyaen:10000139,skincare
s-plaza:10008237,skincare
sakura-princess:10000068,skincare
sakurabeautylab:10000011,skincare
sakurabeautylab:10000098,skincare
sakurabeautylab:10000463,skincare
sakurap:10003801,skincare
sakurap:10005223,skincare
sakurap:10005224,skincare
sakurap:10005225,skincare
sakurap:10005257,skincare
samu-official:10000003,skincare
sangakushop:10000771,skincare
sangakushop:10001124,skincare
sangakushop:10003038,skincare
sara-style:10001069,skincare
sara-style:10003229,skincare
sarlisi:10000045,skincare
sasayama-bee:10000000,skincare
sasayama-bee:10000015,skincare
sasayama-bee:10000069,skincare
sasayama-bee:10000077,skincare
sasayama-bee:10000112,skincare
sbc-store:10000001,skincare
sbc-store:10000002,skincare
sbc-store:10000071,skincare
sbyt-sbyt:10000036,skincare
seimina:10000246,skincare
seiseisui:10000028,skincare
selif:10000011,skincare
selif:10000036,skincare
selif:10000040,skincare
sg-co:10000002,skincare
sherb:10000000,skincare
sherb:10000003,skincare
sherb:10000013,skincare
shimin2:10001264,skincare
shinbido:10003658,skincare
shinnihonseiyaku:10000062,skincare
shinnihonseiyaku:10000072,skincare
shinnihonseiyaku:10000478,skincare
shinnihonseiyaku:10000479,skincare
shinnihonseiyaku:10000493,skincare
shinnihonseiyaku:10000695,skincare
shiomipharmacy:10000457,skincare
shiro-no-sakura:10000046,skincare
shirokuma-cosme:10000001,skincare
shirokuma-cosme:10000256,skincare
shiroru:10000000,skincare
shiroru:10000015,skincare
shizenshop:10000010,skincare
shizenshop:10000156,skincare
shizenshop:10000252,skincare
shizenshop:10000254,skincare
shizenshop:10000270,skincare
shizenshop:10000284,skincare
showpuromo:10000511,skincare
shq1:10000022,skincare
shq1:10000023,skincare
shuuemura:10000005,skincare
shuuemura:10000006,skincare
shuuemura:10000018,skincare
shuuemura:10000021,skincare
shuuemura:10000291,skincare
shuuemura:10000292,skincare
shuuemura:10000351,skincare
shuuemura:10000352,skincare
shuuemura:10000381,skincare
shuuemura:10000779,skincare
shuuemura:10000780,skincare
shuuemura:10000864,skincare
sk-ii:10003011,skincare
sk-ii:10003015,skincare
sk-ii:10003303,skincare
sk-ii:10003757,skincare
skindesign:10000219,skincare
skindesign:10000374,skincare
skindesign:10000675,skincare
skindesign:10001510,skincare
skindesign:10001551,skincare
skindesign:10001552,skincare
skindesign:10001678,skincare
skindesign:10001694,skincare
skingarden:10000740,skincare
smc:10000557,skincare
smc:10000701,skincare
smc:10000722,skincare
soapmax:10001447,skincare
sokamocka:10000018,skincare
sokamocka:10000031,skincare
sokamocka:10000038,skincare
someibeauty:10001358,skincare
sp100:10000386,skincare
speed:10000089,skincare
speed:10001859,skincare
spinois:10000005,skincare
stars-store:10000000,skincare
stars-store:10000072,skincare
stars-store:10000077,skincare
stars-store:10000116,skincare
stars-store:10000123,skincare
stars-store:10000152,skincare
stars-store:10000262,skincare
stayfree:10000000,skincare
stayfree:10000124,skincare
stayfree:10000137,skincare
stayfree:10001300,skincare
stayfree:10021212,skincare
stayfree:10022136,skincare
stayfree:10022174,skincare
stayfree:10022970,skincare
stayfree:10023036,skincare
stayfree:10023354,skincare
stellaseed:10000084,skincare
stellaseed:10000085,skincare
stellaseed:10000097,skincare
stellaseed:10000204,skincare
stellaseed:10000212,skincare
stellaseed:10000245,skincare
stellaseed:10000248,skincare
stellaseed:10000265,skincare
stellaseed:10000308,skincare
stellaseed:10000349,skincare
stellaseed:10000364,skincare
stellaseed:10000376,skincare
sugupochi:10025889,skincare
suhadabiyori:10000127,skincare
suhadabiyori:10000128,skincare
suhadabiyori:10000158,skincare
suisosum-shop:10000217,skincare
sunsumarche:10001196,skincare
supplemart:10000341,skincare
syarepark:10000670,skincare
takami-labo:10000475,skincare
takami-labo:10000519,skincare
takami-labo:10000562,skincare
takami-labo:10000590,skincare
takeuchi-labo:10000051,skincare
tamago-kichi:10000468,skincare
tanakastore:10000146,skincare
tanakastore:10000187,skincare
tanakastore:10000309,skincare
tangram:10000184,skincare
tangram:10000280,skincare
taroshop01:10000040,skincare
tauhaus:10000314,skincare
tbgm:10000551,skincare
ten-maya:10000002,skincare
tenman-kosho-yakubo:10000000,skincare
tenman-kosho-yakubo:10000039,skincare
the-beautopia:10000000,skincare
the-beautopia:10000001,skincare
the-beautopia:10000002,skincare
the-beautopia:10000003,skincare
the-beautopia:10000004,skincare
the-beautopia:10000005,skincare
the-beautopia:10000008,skincare
the-beautopia:10000009,skincare
the-beautopia:10000010,skincare
the-beautopia:10000032,skincare
the-beautopia:10000034,skincare
the-beautopia:10000041,skincare
the-beautopia:10000056,skincare
the-beautopia:10000058,skincare
the-beautopia:10000074,skincare
the-world:10000003,skincare
the-world:10000006,skincare
the-world:10004800,skincare
theodor:10000023,skincare
theordinary:10000010,skincare
tirtir:10000475,skincare
tmeng:10001792,skincare
tnr:10000013,skincare
tnr:10000038,skincare
tnr:10000049,skincare
tnr:10000050,skincare
tnr:10000071,skincare
tnr:10000091,skincare
tnr:10000093,skincare
tnr:10000108,skincare
togishokunin:10000952,skincare
tokyokaei666888:10000061,skincare
tokyokaei666888:10000093,skincare
tokyokaei666888:10000124,skincare
tokyokaei666888:10000234,skincare
tonyholi:10000012,skincare
toplus:10000329,skincare
torreya-shop:10000022,skincare
tracolle:10003566,skincare
trade-abc:10012458,skincare
trefle:10008995,skincare
tripleshop:10000063,skincare
tripleshop:10000081,skincare
tsumugi-cosme:10000010,skincare
tsumugi-cosme:10000020,skincare
tsumugi-cosme:10000021,skincare
tsumugi-cosme:10000023,skincare
tsumugi-cosme:10000049,skincare
tsumugi-cosme:10000055,skincare
tsurulabo:10000000,skincare
tsurunishi:10000257,skincare
tsurunishi:10000258,skincare
tsurunishi:10000259,skincare
tsurunishi:10000260,skincare
tsurunishi:10000261,skincare
tsurunishi:10000265,skincare
tsurunishi:10000267,skincare
tsurunishi:10000269,skincare
tsurunishi:10000273,skincare
tsurunishi:10000314,skincare
tsurunishi:10000761,skincare
tsurunishi:10000943,skincare
tsurunishi:10000947,skincare
tsurunishi:10000951,skincare
tsurunishi:10000959,skincare
tsurunishi:10001019,skincare
tsurunishi:10001021,skincare
tsurunishi:10001040,skincare
tsurunishi:10001138,skincare
tsurunishi:10001146,skincare
tsurunishi:10001191,skincare
tsurunishi:10001193,skincare
tsurunishi:10001260,skincare
tvert:10000006,skincare
tvert:10000015,skincare
tvert:10000018,skincare
tvert:10000019,skincare
tvert:10000033,skincare
tvert:10000041,skincare
tvert:10000045,skincare
tvert:10000047,skincare
tvert:10000075,skincare
tvert:10000083,skincare
tvert:10000097,skincare
tvert:10000102,skincare
tvert:10000130,skincare
tvert:10000143,skincare
tvert:10000149,skincare
tvert:10000163,skincare
tvert:10000164,skincare
tvert:10000292,skincare
twentycompany:10000019,skincare
twentycompany:10000025,skincare
twentycompany:10000031,skincare
twentycompany:10000032,skincare
twentycompany:10000033,skincare
twentycompany:10000047,skincare
twentycompany:10000060,skincare
urbanbeautyproducts:10000000,skincare
uruoi-moonyu:10000012,skincare
uyeki:10001726,skincare
velus:10000092,skincare
vernal:10001237,skincare
vernal:10001260,skincare
vertrich-cosmetics:10000003,skincare
vertrich-cosmetics:10000024,skincare
vertrich-cosmetics:10000045,skincare
vertrich-cosmetics:10000069,skincare
vertrich-cosmetics:10000085,skincare
vertrich-cosmetics:10000094,skincare
vertrich-cosmetics:10000095,skincare
vertrich-cosmetics:10000107,skincare
vertrich-cosmetics:10000190,skincare
vertrich-cosmetics:10000196,skincare
vi-grow:10000004,skincare
vi-grow:10000005,skincare
vie-shop-family:10000028,skincare
vintorte:10000002,skincare
virche:10000000,skincare
virginbeautyshop:10000076,skincare
virginbeautyshop:10000174,skincare
virginbeautyshop:10000188,skincare
virginbeautyshop:10000537,skincare
virginbeautyshop:10000554,skincare
virginbeautyshop:10002310,skincare
virginbeautyshop:10005505,skincare
virginbeautyshop:10005507,skincare
virginbeautyshop:10005508,skincare
virginbeautyshop:10005674,skincare
virginbeautyshop:10005694,skincare
virginbeautyshop:10005697,skincare
virginbeautyshop:10005726,skincare
virginbeautyshop:10005750,skincare
virginbeautyshop:10005757,skincare
volstar-online-shop:10000078,skincare
vtcosmetic-official:10000524,skincare
vtcosmetic-official:10000829,skincare
vtcosmetic-official:10001389,skincare
vtcosmetic-official:10001390,skincare
vtcosmetic-official:10001951,skincare
waho:10000058,skincare
waho:10000347,skincare
waho:10000528,skincare
wakuwakuten:10023035,skincare
wellsuppli:10000302,skincare
wellsuppli:10000348,skincare
wellsuppli:10000349,skincare
wellsuppli:10000392,skincare
wellsuppli:10000394,skincare
wellsuppli:10000405,skincare
wellsuppli:10000419,skincare
wellsuppli:10000656,skincare
whithwhite:10000112,skincare
whithwhite:10000125,skincare
whithwhite:10000138,skincare
whithwhite:10000141,skincare
whithwhite:10000149,skincare
whithwhite:10000213,skincare
winfieldliferesearch:10000079,skincare
winfieldliferesearch:10000100,skincare
winno:10000018,skincare
wishsun:10000010,skincare
wishtrend:10000008,skincare
witchery:10000102,skincare
witchery:10000153,skincare
world-good:10000050,skincare
world-good:10000058,skincare
world-holdings:10000132,skincare
xation:10000004,skincare
ya-man:10002296,skincare
ya-man:10002305,skincare
ya-man:10002306,skincare
ya-man:10002416,skincare
ya-man:10002457,skincare
yachaba:10000090,skincare
yancomstore:10001558,skincare
yayoi-cosme:10003232,skincare
yayoi-cosme:10009151,skincare
yayoi-cosme:10010351,skincare
yayoi-cosme:10011355,skincare
yayoi-cosme:10011596,skincare
yayoi-cosme:10013327,skincare
yayoi-cosme:10014729,skincare
ymgs1981:10000109,skincare
ymgs1981:10000160,skincare
ymsk:10000461,skincare
ymsk:10005779,skincare
ymura7200:10000990,skincare
ymura7200:10006008,skincare
ymura7200:10006104,skincare
ymura7200:10006110,skincare
ymura7200:10006112,skincare
ymura7200:10028799,skincare
ymura7200:10032939,skincare
ymura7200:10033127,skincare
ymura7200:10037480,skincare
youtokyo:10000082,skincare
youup:10000009,skincare
yslbeauty:10000085,skincare
yukaiya:10001096,skincare
yukaiya:10001098,skincare
yukinosizuku:10010357,skincare
yumebank:10000027,skincare
yumebank:10000033,skincare
yumebank:10000043,skincare
yunth:10000000,skincare
yunth:10000007,skincare
yunth:10000009,skincare
yunth:10000012,skincare
yunth:10000028,skincare
yunth:10000037,skincare
yunth:10000040,skincare
yuukiseiyaku:10001090,skincare
zakkart:10000092,skincare
zakkart:10002924,skincare
zas-inter:10000007,skincare
zas-inter:10000027,skincare
zettocstyle:10000003,skincare
