query,category,reason
先輩 その 口紅 塗ら ない で キャスト ex,drama,Korean drama 先輩、その口紅塗らないで
先輩 その 口紅 塗ら ない で 全 何 話,drama,Korean drama 先輩、その口紅塗らないで
先輩 その 口紅 塗ら ない で あらすじ 最終 回,drama,Korean drama 先輩、その口紅塗らないで
先輩 その 口紅 塗ら ない で 相関 図,drama,Korean drama 先輩、その口紅塗らないで
先輩 その 口紅 塗ら ない で キャスト,drama,Korean drama 先輩、その口紅塗らないで
その 口紅 塗ら ない で,drama,Korean drama 先輩、その口紅塗らないで
先輩 その 口紅 塗ら ない で,drama,Korean drama 先輩、その口紅塗らないで
先輩 その 口紅 塗ら ない で あらすじ,drama,Korean drama 先輩、その口紅塗らないで
その 口紅 を 塗ら ない で,drama,Korean drama 先輩、その口紅塗らないで
韓国 ドラマ 先輩 その 口紅 塗ら ない で,drama,Korean drama 先輩、その口紅塗らないで
先輩 その 口紅 塗ら ない で 配信,drama,Korean drama 先輩、その口紅塗らないで
先輩 その 口紅 塗ら ない で 感想,drama,Korean drama 先輩、その口紅塗らないで
先輩 その 口紅 塗ら ない で netflix,drama,Korean drama 先輩、その口紅塗らないで
メイク アガール,drama,anime film メイクアガール
エルデン リング キャラ メイク,game,character creation in the game Elden Ring
ドラゴンズ ドグマ 2 キャラ メイク,game,character creation in the game Dragon's Dogma 2
キャラ メイク,game,character creation in video games
ソーナンス 口紅,game,Pokémon character ソーナンス
シャンソン 化粧品 バスケ,sport,basketball team シャンソン化粧品
膝 ヒアルロン 酸 打ち 続ける と,medical,knee joint injection
ヒアルロン 酸 na 点眼 液,medical,eye drops
ヒアルロン 酸 ナトリウム 点眼 液,medical,eye drops
ヒアルロン 酸 点眼 液,medical,eye drops
ヒアルロン 酸 目薬,medical,eye drops
ヒアルロン 酸 点眼,medical,eye drops
msc 療法,medical,stem cell therapy
エクソソーム 点 鼻薬,medical,nasal exosome therapy
エクソソーム 治療,medical,exosome therapy
エクソソーム 療法,medical,exosome therapy
エクソソーム 医療,medical,exosome medicine
エクソソーム 死亡,medical,reported death after exosome treatment
白い あさがお 皮ふ 科 スキンケア クリニック,clinic,named clinic
山内 皮ふ 科 スキンケア クリニック,clinic,named clinic
渋谷 内科 スキンケア クリニック,clinic,named clinic
調布 スキンケア クリニック,clinic,named clinic
ぎおん 皮膚 科 婦人 科 スキンケア クリニック,clinic,named clinic
たけだ 皮膚 科 スキンケア クリニック,clinic,named clinic
ルラ 美容 クリニック,clinic,named clinic
tcb,clinic,named clinic
tcb ヒアルロン 酸,clinic,named clinic
湘南 ヒアルロン 酸,clinic,named clinic
スキンケア クリニック,clinic,clinics in general
エクソソーム クリニック,clinic,clinics in general
鼻翼 基部 ヒアルロン 酸,cosmetic_treatment,hyaluronic acid filler
ほう れい 線 ヒアルロン 酸 何 cc,cosmetic_treatment,hyaluronic acid filler
唇 ヒアルロン 酸 ダウン タイム,cosmetic_treatment,hyaluronic acid filler
顎 ヒアルロン 酸 何 cc,cosmetic_treatment,hyaluronic acid filler
ヒアルロン 酸 ダウン タイム,cosmetic_treatment,hyaluronic acid filler
ヒアルロン 酸 リフト,cosmetic_treatment,hyaluronic acid filler
頬 ヒアルロン 酸,cosmetic_treatment,hyaluronic acid filler
涙 袋 ヒアルロン 酸,cosmetic_treatment,hyaluronic acid filler
鼻 ヒアルロン 酸,cosmetic_treatment,hyaluronic acid filler
目の下 ヒアルロン 酸,cosmetic_treatment,hyaluronic acid filler
ヒアルロン 酸 注入,cosmetic_treatment,hyaluronic acid filler
ヒアルロン 酸 注射,cosmetic_treatment,hyaluronic acid injection
グルタチオン 点滴,cosmetic_treatment,intravenous drip at clinics
白玉 点滴,cosmetic_treatment,intravenous drip at clinics
グルタチオン 点滴 効果,cosmetic_treatment,intravenous drip at clinics
エクソソーム 点滴,cosmetic_treatment,intravenous drip at clinics
エクソソーム 点滴 大阪,cosmetic_treatment,intravenous drip at clinics
エクソソーム 点滴 東京,cosmetic_treatment,intravenous drip at clinics
エクソソーム 点滴 費用,cosmetic_treatment,intravenous drip at clinics
グルタチオン 注射,cosmetic_treatment,injection at clinics
エクソソーム 注射,cosmetic_treatment,injection at clinics
ポテンツァ,cosmetic_treatment,microneedling or RF device used at clinics
ダーマペン,cosmetic_treatment,microneedling or RF device used at clinics
ダーマペン 4,cosmetic_treatment,microneedling or RF device used at clinics
エクソソーム ダーマペン,cosmetic_treatment,microneedling or RF device used at clinics
ダーマペン 4 エクソソーム,cosmetic_treatment,microneedling or RF device used at clinics
アート メイク,cosmetic_treatment,"art make, a cosmetic tattoo done at clinics"
リップ アート メイク,cosmetic_treatment,"art make, a cosmetic tattoo done at clinics"
アート メイク 眉毛,cosmetic_treatment,"art make, a cosmetic tattoo done at clinics"
残像 に 口紅 を,other,novel title 残像に口紅を
残像 に 口紅 を あらすじ,other,novel title 残像に口紅を
ラッツ & スター t シャツ に 口紅,other,song title Tシャツに口紅
口紅 水仙,other,flower variety 口紅水仙
彗星 チーク ダンス,other,song title; チーク here is cheek dancing
彗星 チーク ダンス ちろ る,other,song title; チーク here is cheek dancing
ボディ メイク,other,body shaping by exercise
東京 化粧品 健康 保険 組合,other,health insurance society
エクソソーム カズ レーザー,other,TV programme カズレーザーと学ぶ。
カズ レーザー と 学ぶ,other,TV programme カズレーザーと学ぶ。
カズ レーザー と 学ぶ エクソソーム,other,TV programme カズレーザーと学ぶ。
