term,year,month,interest
アイシャドウ,2019,1,73.0
アイシャドウ,2019,2,71.0
アイシャドウ,2019,3,71.0
アイシャドウ,2019,4,57.0
アイシャドウ,2019,5,55.0
アイシャドウ,2019,6,54.0
アイシャドウ,2019,7,59.0
アイシャドウ,2019,8,63.0
アイシャドウ,2019,9,68.0
アイシャドウ,2019,10,65.0
アイシャドウ,2019,11,66.0
アイシャドウ,2019,12,77.0
アイシャドウ,2020,1,74.0
アイシャドウ,2020,2,76.0
アイシャドウ,2020,3,74.0
アイシャドウ,2020,4,54.0
アイシャドウ,2020,5,59.0
アイシャドウ,2020,6,76.0
アイシャドウ,2020,7,75.0
アイシャドウ,2020,8,76.0
アイシャドウ,2020,9,81.0
アイシャドウ,2020,10,77.0
アイシャドウ,2020,11,83.0
アイシャドウ,2020,12,89.0
アイシャドウ,2021,1,96.0
アイシャドウ,2021,2,92.0
アイシャドウ,2021,3,93.0
アイシャドウ,2021,4,74.0
アイシャドウ,2021,5,74.0
アイシャドウ,2021,6,69.0
アイシャドウ,2021,7,73.0
アイシャドウ,2021,8,80.0
アイシャドウ,2021,9,87.0
アイシャドウ,2021,10,78.0
アイシャドウ,2021,11,86.0
アイシャドウ,2021,12,92.0
アイシャドウ,2022,1,100.0
アイシャドウ,2022,2,98.0
アイシャドウ,2022,3,97.0
アイシャドウ,2022,4,81.0
アイシャドウ,2022,5,76.0
アイシャドウ,2022,6,70.0
アイシャドウ,2022,7,68.0
アイシャドウ,2022,8,79.0
アイシャドウ,2022,9,81.0
アイシャドウ,2022,10,80.0
アイシャドウ,2022,11,81.0
アイシャドウ,2022,12,84.0
アイシャドウ,2023,1,86.0
アイシャドウ,2023,2,88.0
アイシャドウ,2023,3,90.0
アイシャドウ,2023,4,70.0
アイシャドウ,2023,5,66.0
アイシャドウ,2023,6,68.0
アイシャドウ,2023,7,70.0
アイシャドウ,2023,8,68.0
アイシャドウ,2023,9,73.0
アイシャドウ,2023,10,64.0
アイシャドウ,2023,11,72.0
アイシャドウ,2023,12,79.0
アイシャドウ,2024,1,72.0
アイシャドウ,2024,2,75.0
アイシャドウ,2024,3,72.0
アイシャドウ,2024,4,55.0
アイシャドウ,2024,5,53.0
アイシャドウ,2024,6,53.0
アイシャドウ,2024,7,52.0
アイシャドウ,2024,8,54.0
アイシャドウ,2024,9,66.0
アイシャドウ,2024,10,56.0
アイシャドウ,2024,11,60.0
アイシャドウ,2024,12,64.0
アイシャドウ,2025,1,62.0
アイシャドウ,2025,2,61.0
アイシャドウ,2025,3,58.0
アイシャドウ,2025,4,48.0
アイシャドウ,2025,5,46.0
アイシャドウ,2025,6,43.0
アイシャドウ,2025,7,43.0
アイシャドウ,2025,8,48.0
アイシャドウ,2025,9,50.0
アイシャドウ,2025,10,48.0
アイシャドウ,2025,11,55.0
アイシャドウ,2025,12,58.0
アゼライン酸,2019,1,1.0
アゼライン酸,2019,2,1.0
アゼライン酸,2019,3,1.0
アゼライン酸,2019,4,1.0
アゼライン酸,2019,5,1.0
アゼライン酸,2019,6,0.0
アゼライン酸,2019,7,1.0
アゼライン酸,2019,8,1.0
アゼライン酸,2019,9,1.0
アゼライン酸,2019,10,1.0
アゼライン酸,2019,11,1.0
アゼライン酸,2019,12,1.0
アゼライン酸,2020,1,1.0
アゼライン酸,2020,2,1.0
アゼライン酸,2020,3,1.0
アゼライン酸,2020,4,1.0
アゼライン酸,2020,5,1.0
アゼライン酸,2020,6,2.0
アゼライン酸,2020,7,2.0
アゼライン酸,2020,8,2.0
アゼライン酸,2020,9,2.0
アゼライン酸,2020,10,2.0
アゼライン酸,2020,11,1.0
アゼライン酸,2020,12,1.0
アゼライン酸,2021,1,2.0
アゼライン酸,2021,2,4.0
アゼライン酸,2021,3,3.0
アゼライン酸,2021,4,3.0
アゼライン酸,2021,5,3.0
アゼライン酸,2021,6,3.0
アゼライン酸,2021,7,3.0
アゼライン酸,2021,8,3.0
アゼライン酸,2021,9,4.0
アゼライン酸,2021,10,3.0
アゼライン酸,2021,11,3.0
アゼライン酸,2021,12,3.0
アゼライン酸,2022,1,5.0
アゼライン酸,2022,2,6.0
アゼライン酸,2022,3,10.0
アゼライン酸,2022,4,6.0
アゼライン酸,2022,5,8.0
アゼライン酸,2022,6,8.0
アゼライン酸,2022,7,8.0
アゼライン酸,2022,8,8.0
アゼライン酸,2022,9,8.0
アゼライン酸,2022,10,6.0
アゼライン酸,2022,11,7.0
アゼライン酸,2022,12,7.0
アゼライン酸,2023,1,7.0
アゼライン酸,2023,2,9.0
アゼライン酸,2023,3,15.0
アゼライン酸,2023,4,13.0
アゼライン酸,2023,5,12.0
アゼライン酸,2023,6,19.0
アゼライン酸,2023,7,19.0
アゼライン酸,2023,8,19.0
アゼライン酸,2023,9,22.0
アゼライン酸,2023,10,14.0
アゼライン酸,2023,11,16.0
アゼライン酸,2023,12,15.0
アゼライン酸,2024,1,22.0
アゼライン酸,2024,2,24.0
アゼライン酸,2024,3,32.0
アゼライン酸,2024,4,22.0
アゼライン酸,2024,5,32.0
アゼライン酸,2024,6,40.0
アゼライン酸,2024,7,32.0
アゼライン酸,2024,8,39.0
アゼライン酸,2024,9,86.0
アゼライン酸,2024,10,62.0
アゼライン酸,2024,11,75.0
アゼライン酸,2024,12,52.0
アゼライン酸,2025,1,52.0
アゼライン酸,2025,2,56.0
アゼライン酸,2025,3,58.0
アゼライン酸,2025,4,76.0
アゼライン酸,2025,5,61.0
アゼライン酸,2025,6,81.0
アゼライン酸,2025,7,63.0
アゼライン酸,2025,8,80.0
アゼライン酸,2025,9,84.0
アゼライン酸,2025,10,57.0
アゼライン酸,2025,11,62.0
アゼライン酸,2025,12,66.0
エクソソーム,2019,1,4.0
エクソソーム,2019,2,6.0
エクソソーム,2019,3,3.0
エクソソーム,2019,4,4.0
エクソソーム,2019,5,4.0
エクソソーム,2019,6,4.0
エクソソーム,2019,7,4.0
エクソソーム,2019,8,3.0
エクソソーム,2019,9,8.0
エクソソーム,2019,10,5.0
エクソソーム,2019,11,5.0
エクソソーム,2019,12,6.0
エクソソーム,2020,1,5.0
エクソソーム,2020,2,4.0
エクソソーム,2020,3,4.0
エクソソーム,2020,4,4.0
エクソソーム,2020,5,4.0
エクソソーム,2020,6,5.0
エクソソーム,2020,7,7.0
エクソソーム,2020,8,8.0
エクソソーム,2020,9,5.0
エクソソーム,2020,10,6.0
エクソソーム,2020,11,4.0
エクソソーム,2020,12,6.0
エクソソーム,2021,1,5.0
エクソソーム,2021,2,5.0
エクソソーム,2021,3,4.0
エクソソーム,2021,4,4.0
エクソソーム,2021,5,7.0
エクソソーム,2021,6,16.0
エクソソーム,2021,7,9.0
エクソソーム,2021,8,8.0
エクソソーム,2021,9,8.0
エクソソーム,2021,10,6.0
エクソソーム,2021,11,7.0
エクソソーム,2021,12,8.0
エクソソーム,2022,1,9.0
エクソソーム,2022,2,35.0
エクソソーム,2022,3,17.0
エクソソーム,2022,4,31.0
エクソソーム,2022,5,19.0
エクソソーム,2022,6,18.0
エクソソーム,2022,7,17.0
エクソソーム,2022,8,16.0
エクソソーム,2022,9,18.0
エクソソーム,2022,10,33.0
エクソソーム,2022,11,16.0
エクソソーム,2022,12,13.0
エクソソーム,2023,1,100.0
エクソソーム,2023,2,38.0
エクソソーム,2023,3,40.0
エクソソーム,2023,4,37.0
エクソソーム,2023,5,37.0
エクソソーム,2023,6,47.0
エクソソーム,2023,7,43.0
エクソソーム,2023,8,44.0
エクソソーム,2023,9,63.0
エクソソーム,2023,10,65.0
エクソソーム,2023,11,76.0
エクソソーム,2023,12,49.0
エクソソーム,2024,1,46.0
エクソソーム,2024,2,46.0
エクソソーム,2024,3,56.0
エクソソーム,2024,4,46.0
エクソソーム,2024,5,50.0
エクソソーム,2024,6,57.0
エクソソーム,2024,7,54.0
エクソソーム,2024,8,55.0
エクソソーム,2024,9,52.0
エクソソーム,2024,10,47.0
エクソソーム,2024,11,45.0
エクソソーム,2024,12,43.0
エクソソーム,2025,1,43.0
エクソソーム,2025,2,39.0
エクソソーム,2025,3,37.0
エクソソーム,2025,4,37.0
エクソソーム,2025,5,36.0
エクソソーム,2025,6,32.0
エクソソーム,2025,7,31.0
エクソソーム,2025,8,32.0
エクソソーム,2025,9,36.0
エクソソーム,2025,10,33.0
エクソソーム,2025,11,34.0
エクソソーム,2025,12,31.0
グルタチオン,2019,1,17.0
グルタチオン,2019,2,14.0
グルタチオン,2019,3,13.0
グルタチオン,2019,4,14.0
グルタチオン,2019,5,16.0
グルタチオン,2019,6,16.0
グルタチオン,2019,7,17.0
グルタチオン,2019,8,15.0
グルタチオン,2019,9,14.0
グルタチオン,2019,10,12.0
グルタチオン,2019,11,13.0
グルタチオン,2019,12,13.0
グルタチオン,2020,1,12.0
グルタチオン,2020,2,14.0
グルタチオン,2020,3,12.0
グルタチオン,2020,4,23.0
グルタチオン,2020,5,17.0
グルタチオン,2020,6,17.0
グルタチオン,2020,7,20.0
グルタチオン,2020,8,19.0
グルタチオン,2020,9,20.0
グルタチオン,2020,10,18.0
グルタチオン,2020,11,17.0
グルタチオン,2020,12,16.0
グルタチオン,2021,1,18.0
グルタチオン,2021,2,18.0
グルタチオン,2021,3,18.0
グルタチオン,2021,4,20.0
グルタチオン,2021,5,20.0
グルタチオン,2021,6,24.0
グルタチオン,2021,7,37.0
グルタチオン,2021,8,35.0
グルタチオン,2021,9,41.0
グルタチオン,2021,10,35.0
グルタチオン,2021,11,34.0
グルタチオン,2021,12,28.0
グルタチオン,2022,1,32.0
グルタチオン,2022,2,33.0
グルタチオン,2022,3,34.0
グルタチオン,2022,4,35.0
グルタチオン,2022,5,33.0
グルタチオン,2022,6,35.0
グルタチオン,2022,7,36.0
グルタチオン,2022,8,36.0
グルタチオン,2022,9,39.0
グルタチオン,2022,10,31.0
グルタチオン,2022,11,30.0
グルタチオン,2022,12,37.0
グルタチオン,2023,1,33.0
グルタチオン,2023,2,32.0
グルタチオン,2023,3,28.0
グルタチオン,2023,4,29.0
グルタチオン,2023,5,39.0
グルタチオン,2023,6,45.0
グルタチオン,2023,7,44.0
グルタチオン,2023,8,49.0
グルタチオン,2023,9,57.0
グルタチオン,2023,10,45.0
グルタチオン,2023,11,52.0
グルタチオン,2023,12,46.0
グルタチオン,2024,1,49.0
グルタチオン,2024,2,52.0
グルタチオン,2024,3,60.0
グルタチオン,2024,4,49.0
グルタチオン,2024,5,62.0
グルタチオン,2024,6,74.0
グルタチオン,2024,7,68.0
グルタチオン,2024,8,82.0
グルタチオン,2024,9,93.0
グルタチオン,2024,10,73.0
グルタチオン,2024,11,84.0
グルタチオン,2024,12,67.0
グルタチオン,2025,1,75.0
グルタチオン,2025,2,78.0
グルタチオン,2025,3,89.0
グルタチオン,2025,4,75.0
グルタチオン,2025,5,82.0
グルタチオン,2025,6,100.0
グルタチオン,2025,7,78.0
グルタチオン,2025,8,82.0
グルタチオン,2025,9,90.0
グルタチオン,2025,10,78.0
グルタチオン,2025,11,81.0
グルタチオン,2025,12,69.0
スキンケア,2019,1,66.0
スキンケア,2019,2,65.0
スキンケア,2019,3,67.0
スキンケア,2019,4,66.0
スキンケア,2019,5,71.0
スキンケア,2019,6,70.0
スキンケア,2019,7,61.0
スキンケア,2019,8,59.0
スキンケア,2019,9,64.0
スキンケア,2019,10,61.0
スキンケア,2019,11,67.0
スキンケア,2019,12,78.0
スキンケア,2020,1,78.0
スキンケア,2020,2,78.0
スキンケア,2020,3,78.0
スキンケア,2020,4,84.0
スキンケア,2020,5,99.0
スキンケア,2020,6,81.0
スキンケア,2020,7,77.0
スキンケア,2020,8,75.0
スキンケア,2020,9,78.0
スキンケア,2020,10,82.0
スキンケア,2020,11,84.0
スキンケア,2020,12,96.0
スキンケア,2021,1,100.0
スキンケア,2021,2,91.0
スキンケア,2021,3,82.0
スキンケア,2021,4,80.0
スキンケア,2021,5,79.0
スキンケア,2021,6,70.0
スキンケア,2021,7,68.0
スキンケア,2021,8,73.0
スキンケア,2021,9,80.0
スキンケア,2021,10,75.0
スキンケア,2021,11,81.0
スキンケア,2021,12,78.0
スキンケア,2022,1,90.0
スキンケア,2022,2,94.0
スキンケア,2022,3,91.0
スキンケア,2022,4,86.0
スキンケア,2022,5,80.0
スキンケア,2022,6,70.0
スキンケア,2022,7,65.0
スキンケア,2022,8,75.0
スキンケア,2022,9,74.0
スキンケア,2022,10,77.0
スキンケア,2022,11,80.0
スキンケア,2022,12,80.0
スキンケア,2023,1,82.0
スキンケア,2023,2,84.0
スキンケア,2023,3,84.0
スキンケア,2023,4,76.0
スキンケア,2023,5,78.0
スキンケア,2023,6,79.0
スキンケア,2023,7,70.0
スキンケア,2023,8,73.0
スキンケア,2023,9,78.0
スキンケア,2023,10,80.0
スキンケア,2023,11,84.0
スキンケア,2023,12,77.0
スキンケア,2024,1,84.0
スキンケア,2024,2,79.0
スキンケア,2024,3,81.0
スキンケア,2024,4,70.0
スキンケア,2024,5,78.0
スキンケア,2024,6,75.0
スキンケア,2024,7,70.0
スキンケア,2024,8,65.0
スキンケア,2024,9,76.0
スキンケア,2024,10,74.0
スキンケア,2024,11,85.0
スキンケア,2024,12,84.0
スキンケア,2025,1,83.0
スキンケア,2025,2,80.0
スキンケア,2025,3,77.0
スキンケア,2025,4,79.0
スキンケア,2025,5,77.0
スキンケア,2025,6,77.0
スキンケア,2025,7,68.0
スキンケア,2025,8,71.0
スキンケア,2025,9,69.0
スキンケア,2025,10,65.0
スキンケア,2025,11,77.0
スキンケア,2025,12,74.0
セラミド,2019,1,64.0
セラミド,2019,2,60.0
セラミド,2019,3,55.0
セラミド,2019,4,51.0
セラミド,2019,5,50.0
セラミド,2019,6,48.0
セラミド,2019,7,41.0
セラミド,2019,8,45.0
セラミド,2019,9,50.0
セラミド,2019,10,48.0
セラミド,2019,11,68.0
セラミド,2019,12,62.0
セラミド,2020,1,60.0
セラミド,2020,2,55.0
セラミド,2020,3,45.0
セラミド,2020,4,39.0
セラミド,2020,5,45.0
セラミド,2020,6,42.0
セラミド,2020,7,37.0
セラミド,2020,8,41.0
セラミド,2020,9,42.0
セラミド,2020,10,49.0
セラミド,2020,11,60.0
セラミド,2020,12,51.0
セラミド,2021,1,55.0
セラミド,2021,2,51.0
セラミド,2021,3,43.0
セラミド,2021,4,44.0
セラミド,2021,5,46.0
セラミド,2021,6,46.0
セラミド,2021,7,42.0
セラミド,2021,8,44.0
セラミド,2021,9,49.0
セラミド,2021,10,47.0
セラミド,2021,11,50.0
セラミド,2021,12,55.0
セラミド,2022,1,54.0
セラミド,2022,2,60.0
セラミド,2022,3,51.0
セラミド,2022,4,46.0
セラミド,2022,5,47.0
セラミド,2022,6,42.0
セラミド,2022,7,40.0
セラミド,2022,8,46.0
セラミド,2022,9,50.0
セラミド,2022,10,58.0
セラミド,2022,11,59.0
セラミド,2022,12,51.0
セラミド,2023,1,52.0
セラミド,2023,2,61.0
セラミド,2023,3,55.0
セラミド,2023,4,53.0
セラミド,2023,5,50.0
セラミド,2023,6,48.0
セラミド,2023,7,42.0
セラミド,2023,8,45.0
セラミド,2023,9,50.0
セラミド,2023,10,61.0
セラミド,2023,11,61.0
セラミド,2023,12,55.0
セラミド,2024,1,55.0
セラミド,2024,2,60.0
セラミド,2024,3,61.0
セラミド,2024,4,44.0
セラミド,2024,5,49.0
セラミド,2024,6,49.0
セラミド,2024,7,51.0
セラミド,2024,8,42.0
セラミド,2024,9,51.0
セラミド,2024,10,51.0
セラミド,2024,11,61.0
セラミド,2024,12,58.0
セラミド,2025,1,56.0
セラミド,2025,2,57.0
セラミド,2025,3,58.0
セラミド,2025,4,47.0
セラミド,2025,5,46.0
セラミド,2025,6,42.0
セラミド,2025,7,38.0
セラミド,2025,8,41.0
セラミド,2025,9,45.0
セラミド,2025,10,52.0
セラミド,2025,11,75.0
セラミド,2025,12,62.0
トラネキサム酸,2019,1,34.0
トラネキサム酸,2019,2,28.0
トラネキサム酸,2019,3,29.0
トラネキサム酸,2019,4,30.0
トラネキサム酸,2019,5,28.0
トラネキサム酸,2019,6,22.0
トラネキサム酸,2019,7,23.0
トラネキサム酸,2019,8,20.0
トラネキサム酸,2019,9,22.0
トラネキサム酸,2019,10,25.0
トラネキサム酸,2019,11,30.0
トラネキサム酸,2019,12,29.0
トラネキサム酸,2020,1,29.0
トラネキサム酸,2020,2,28.0
トラネキサム酸,2020,3,26.0
トラネキサム酸,2020,4,24.0
トラネキサム酸,2020,5,22.0
トラネキサム酸,2020,6,21.0
トラネキサム酸,2020,7,23.0
トラネキサム酸,2020,8,23.0
トラネキサム酸,2020,9,22.0
トラネキサム酸,2020,10,24.0
トラネキサム酸,2020,11,25.0
トラネキサム酸,2020,12,25.0
トラネキサム酸,2021,1,23.0
トラネキサム酸,2021,2,25.0
トラネキサム酸,2021,3,25.0
トラネキサム酸,2021,4,26.0
トラネキサム酸,2021,5,28.0
トラネキサム酸,2021,6,26.0
トラネキサム酸,2021,7,24.0
トラネキサム酸,2021,8,26.0
トラネキサム酸,2021,9,25.0
トラネキサム酸,2021,10,23.0
トラネキサム酸,2021,11,28.0
トラネキサム酸,2021,12,25.0
トラネキサム酸,2022,1,36.0
トラネキサム酸,2022,2,37.0
トラネキサム酸,2022,3,36.0
トラネキサム酸,2022,4,43.0
トラネキサム酸,2022,5,41.0
トラネキサム酸,2022,6,36.0
トラネキサム酸,2022,7,51.0
トラネキサム酸,2022,8,68.0
トラネキサム酸,2022,9,43.0
トラネキサム酸,2022,10,42.0
トラネキサム酸,2022,11,56.0
トラネキサム酸,2022,12,63.0
トラネキサム酸,2023,1,60.0
トラネキサム酸,2023,2,56.0
トラネキサム酸,2023,3,54.0
トラネキサム酸,2023,4,57.0
トラネキサム酸,2023,5,64.0
トラネキサム酸,2023,6,69.0
トラネキサム酸,2023,7,70.0
トラネキサム酸,2023,8,76.0
トラネキサム酸,2023,9,72.0
トラネキサム酸,2023,10,66.0
トラネキサム酸,2023,11,75.0
トラネキサム酸,2023,12,84.0
トラネキサム酸,2024,1,79.0
トラネキサム酸,2024,2,74.0
トラネキサム酸,2024,3,72.0
トラネキサム酸,2024,4,69.0
トラネキサム酸,2024,5,75.0
トラネキサム酸,2024,6,72.0
トラネキサム酸,2024,7,81.0
トラネキサム酸,2024,8,64.0
トラネキサム酸,2024,9,72.0
トラネキサム酸,2024,10,81.0
トラネキサム酸,2024,11,77.0
トラネキサム酸,2024,12,100.0
トラネキサム酸,2025,1,86.0
トラネキサム酸,2025,2,80.0
トラネキサム酸,2025,3,82.0
トラネキサム酸,2025,4,79.0
トラネキサム酸,2025,5,80.0
トラネキサム酸,2025,6,73.0
トラネキサム酸,2025,7,68.0
トラネキサム酸,2025,8,69.0
トラネキサム酸,2025,9,73.0
トラネキサム酸,2025,10,76.0
トラネキサム酸,2025,11,87.0
トラネキサム酸,2025,12,87.0
ナイアシンアミド,2019,1,2.0
ナイアシンアミド,2019,2,3.0
ナイアシンアミド,2019,3,3.0
ナイアシンアミド,2019,4,3.0
ナイアシンアミド,2019,5,4.0
ナイアシンアミド,2019,6,3.0
ナイアシンアミド,2019,7,3.0
ナイアシンアミド,2019,8,5.0
ナイアシンアミド,2019,9,5.0
ナイアシンアミド,2019,10,6.0
ナイアシンアミド,2019,11,8.0
ナイアシンアミド,2019,12,8.0
ナイアシンアミド,2020,1,8.0
ナイアシンアミド,2020,2,11.0
ナイアシンアミド,2020,3,12.0
ナイアシンアミド,2020,4,11.0
ナイアシンアミド,2020,5,18.0
ナイアシンアミド,2020,6,17.0
ナイアシンアミド,2020,7,15.0
ナイアシンアミド,2020,8,16.0
ナイアシンアミド,2020,9,19.0
ナイアシンアミド,2020,10,16.0
ナイアシンアミド,2020,11,18.0
ナイアシンアミド,2020,12,16.0
ナイアシンアミド,2021,1,18.0
ナイアシンアミド,2021,2,21.0
ナイアシンアミド,2021,3,21.0
ナイアシンアミド,2021,4,20.0
ナイアシンアミド,2021,5,26.0
ナイアシンアミド,2021,6,26.0
ナイアシンアミド,2021,7,25.0
ナイアシンアミド,2021,8,24.0
ナイアシンアミド,2021,9,34.0
ナイアシンアミド,2021,10,31.0
ナイアシンアミド,2021,11,36.0
ナイアシンアミド,2021,12,41.0
ナイアシンアミド,2022,1,41.0
ナイアシンアミド,2022,2,54.0
ナイアシンアミド,2022,3,51.0
ナイアシンアミド,2022,4,49.0
ナイアシンアミド,2022,5,54.0
ナイアシンアミド,2022,6,51.0
ナイアシンアミド,2022,7,38.0
ナイアシンアミド,2022,8,44.0
ナイアシンアミド,2022,9,52.0
ナイアシンアミド,2022,10,52.0
ナイアシンアミド,2022,11,57.0
ナイアシンアミド,2022,12,48.0
ナイアシンアミド,2023,1,56.0
ナイアシンアミド,2023,2,55.0
ナイアシンアミド,2023,3,58.0
ナイアシンアミド,2023,4,51.0
ナイアシンアミド,2023,5,53.0
ナイアシンアミド,2023,6,72.0
ナイアシンアミド,2023,7,53.0
ナイアシンアミド,2023,8,54.0
ナイアシンアミド,2023,9,64.0
ナイアシンアミド,2023,10,59.0
ナイアシンアミド,2023,11,64.0
ナイアシンアミド,2023,12,53.0
ナイアシンアミド,2024,1,50.0
ナイアシンアミド,2024,2,52.0
ナイアシンアミド,2024,3,67.0
ナイアシンアミド,2024,4,54.0
ナイアシンアミド,2024,5,58.0
ナイアシンアミド,2024,6,75.0
ナイアシンアミド,2024,7,56.0
ナイアシンアミド,2024,8,53.0
ナイアシンアミド,2024,9,68.0
ナイアシンアミド,2024,10,65.0
ナイアシンアミド,2024,11,72.0
ナイアシンアミド,2024,12,59.0
ナイアシンアミド,2025,1,58.0
ナイアシンアミド,2025,2,63.0
ナイアシンアミド,2025,3,73.0
ナイアシンアミド,2025,4,66.0
ナイアシンアミド,2025,5,72.0
ナイアシンアミド,2025,6,74.0
ナイアシンアミド,2025,7,58.0
ナイアシンアミド,2025,8,69.0
ナイアシンアミド,2025,9,78.0
ナイアシンアミド,2025,10,67.0
ナイアシンアミド,2025,11,81.0
ナイアシンアミド,2025,12,72.0
ヒアルロン酸,2019,1,58.0
ヒアルロン酸,2019,2,51.0
ヒアルロン酸,2019,3,61.0
ヒアルロン酸,2019,4,56.0
ヒアルロン酸,2019,5,54.0
ヒアルロン酸,2019,6,53.0
ヒアルロン酸,2019,7,48.0
ヒアルロン酸,2019,8,43.0
ヒアルロン酸,2019,9,47.0
ヒアルロン酸,2019,10,46.0
ヒアルロン酸,2019,11,58.0
ヒアルロン酸,2019,12,53.0
ヒアルロン酸,2020,1,55.0
ヒアルロン酸,2020,2,51.0
ヒアルロン酸,2020,3,48.0
ヒアルロン酸,2020,4,36.0
ヒアルロン酸,2020,5,42.0
ヒアルロン酸,2020,6,45.0
ヒアルロン酸,2020,7,42.0
ヒアルロン酸,2020,8,43.0
ヒアルロン酸,2020,9,51.0
ヒアルロン酸,2020,10,55.0
ヒアルロン酸,2020,11,58.0
ヒアルロン酸,2020,12,51.0
ヒアルロン酸,2021,1,54.0
ヒアルロン酸,2021,2,56.0
ヒアルロン酸,2021,3,50.0
ヒアルロン酸,2021,4,56.0
ヒアルロン酸,2021,5,52.0
ヒアルロン酸,2021,6,56.0
ヒアルロン酸,2021,7,54.0
ヒアルロン酸,2021,8,58.0
ヒアルロン酸,2021,9,60.0
ヒアルロン酸,2021,10,62.0
ヒアルロン酸,2021,11,71.0
ヒアルロン酸,2021,12,66.0
ヒアルロン酸,2022,1,71.0
ヒアルロン酸,2022,2,72.0
ヒアルロン酸,2022,3,68.0
ヒアルロン酸,2022,4,73.0
ヒアルロン酸,2022,5,70.0
ヒアルロン酸,2022,6,71.0
ヒアルロン酸,2022,7,68.0
ヒアルロン酸,2022,8,73.0
ヒアルロン酸,2022,9,75.0
ヒアルロン酸,2022,10,77.0
ヒアルロン酸,2022,11,76.0
ヒアルロン酸,2022,12,72.0
ヒアルロン酸,2023,1,75.0
ヒアルロン酸,2023,2,85.0
ヒアルロン酸,2023,3,85.0
ヒアルロン酸,2023,4,82.0
ヒアルロン酸,2023,5,81.0
ヒアルロン酸,2023,6,83.0
ヒアルロン酸,2023,7,82.0
ヒアルロン酸,2023,8,82.0
ヒアルロン酸,2023,9,85.0
ヒアルロン酸,2023,10,94.0
ヒアルロン酸,2023,11,100.0
ヒアルロン酸,2023,12,93.0
ヒアルロン酸,2024,1,93.0
ヒアルロン酸,2024,2,97.0
ヒアルロン酸,2024,3,94.0
ヒアルロン酸,2024,4,88.0
ヒアルロン酸,2024,5,89.0
ヒアルロン酸,2024,6,89.0
ヒアルロン酸,2024,7,85.0
ヒアルロン酸,2024,8,77.0
ヒアルロン酸,2024,9,89.0
ヒアルロン酸,2024,10,91.0
ヒアルロン酸,2024,11,98.0
ヒアルロン酸,2024,12,93.0
ヒアルロン酸,2025,1,84.0
ヒアルロン酸,2025,2,92.0
ヒアルロン酸,2025,3,87.0
ヒアルロン酸,2025,4,89.0
ヒアルロン酸,2025,5,88.0
ヒアルロン酸,2025,6,87.0
ヒアルロン酸,2025,7,83.0
ヒアルロン酸,2025,8,84.0
ヒアルロン酸,2025,9,86.0
ヒアルロン酸,2025,10,86.0
ヒアルロン酸,2025,11,99.0
ヒアルロン酸,2025,12,89.0
ビタミンC 美容,2019,1,23.0
ビタミンC 美容,2019,2,20.0
ビタミンC 美容,2019,3,24.0
ビタミンC 美容,2019,4,22.0
ビタミンC 美容,2019,5,25.0
ビタミンC 美容,2019,6,28.0
ビタミンC 美容,2019,7,23.0
ビタミンC 美容,2019,8,23.0
ビタミンC 美容,2019,9,23.0
ビタミンC 美容,2019,10,21.0
ビタミンC 美容,2019,11,26.0
ビタミンC 美容,2019,12,24.0
ビタミンC 美容,2020,1,29.0
ビタミンC 美容,2020,2,30.0
ビタミンC 美容,2020,3,29.0
ビタミンC 美容,2020,4,30.0
ビタミンC 美容,2020,5,42.0
ビタミンC 美容,2020,6,40.0
ビタミンC 美容,2020,7,38.0
ビタミンC 美容,2020,8,39.0
ビタミンC 美容,2020,9,38.0
ビタミンC 美容,2020,10,31.0
ビタミンC 美容,2020,11,35.0
ビタミンC 美容,2020,12,28.0
ビタミンC 美容,2021,1,37.0
ビタミンC 美容,2021,2,34.0
ビタミンC 美容,2021,3,31.0
ビタミンC 美容,2021,4,33.0
ビタミンC 美容,2021,5,37.0
ビタミンC 美容,2021,6,41.0
ビタミンC 美容,2021,7,34.0
ビタミンC 美容,2021,8,37.0
ビタミンC 美容,2021,9,37.0
ビタミンC 美容,2021,10,30.0
ビタミンC 美容,2021,11,37.0
ビタミンC 美容,2021,12,33.0
ビタミンC 美容,2022,1,46.0
ビタミンC 美容,2022,2,48.0
ビタミンC 美容,2022,3,47.0
ビタミンC 美容,2022,4,57.0
ビタミンC 美容,2022,5,57.0
ビタミンC 美容,2022,6,50.0
ビタミンC 美容,2022,7,45.0
ビタミンC 美容,2022,8,62.0
ビタミンC 美容,2022,9,55.0
ビタミンC 美容,2022,10,54.0
ビタミンC 美容,2022,11,47.0
ビタミンC 美容,2022,12,45.0
ビタミンC 美容,2023,1,53.0
ビタミンC 美容,2023,2,63.0
ビタミンC 美容,2023,3,62.0
ビタミンC 美容,2023,4,60.0
ビタミンC 美容,2023,5,69.0
ビタミンC 美容,2023,6,82.0
ビタミンC 美容,2023,7,74.0
ビタミンC 美容,2023,8,75.0
ビタミンC 美容,2023,9,79.0
ビタミンC 美容,2023,10,69.0
ビタミンC 美容,2023,11,70.0
ビタミンC 美容,2023,12,72.0
ビタミンC 美容,2024,1,74.0
ビタミンC 美容,2024,2,78.0
ビタミンC 美容,2024,3,86.0
ビタミンC 美容,2024,4,79.0
ビタミンC 美容,2024,5,86.0
ビタミンC 美容,2024,6,100.0
ビタミンC 美容,2024,7,75.0
ビタミンC 美容,2024,8,73.0
ビタミンC 美容,2024,9,79.0
ビタミンC 美容,2024,10,60.0
ビタミンC 美容,2024,11,62.0
ビタミンC 美容,2024,12,58.0
ビタミンC 美容,2025,1,69.0
ビタミンC 美容,2025,2,62.0
ビタミンC 美容,2025,3,67.0
ビタミンC 美容,2025,4,63.0
ビタミンC 美容,2025,5,72.0
ビタミンC 美容,2025,6,71.0
ビタミンC 美容,2025,7,66.0
ビタミンC 美容,2025,8,75.0
ビタミンC 美容,2025,9,71.0
ビタミンC 美容,2025,10,51.0
ビタミンC 美容,2025,11,61.0
ビタミンC 美容,2025,12,60.0
ファンデーション,2019,1,83.0
ファンデーション,2019,2,84.0
ファンデーション,2019,3,100.0
ファンデーション,2019,4,93.0
ファンデーション,2019,5,89.0
ファンデーション,2019,6,88.0
ファンデーション,2019,7,84.0
ファンデーション,2019,8,77.0
ファンデーション,2019,9,93.0
ファンデーション,2019,10,73.0
ファンデーション,2019,11,78.0
ファンデーション,2019,12,83.0
ファンデーション,2020,1,76.0
ファンデーション,2020,2,81.0
ファンデーション,2020,3,74.0
ファンデーション,2020,4,54.0
ファンデーション,2020,5,60.0
ファンデーション,2020,6,71.0
ファンデーション,2020,7,63.0
ファンデーション,2020,8,63.0
ファンデーション,2020,9,69.0
ファンデーション,2020,10,69.0
ファンデーション,2020,11,67.0
ファンデーション,2020,12,66.0
ファンデーション,2021,1,67.0
ファンデーション,2021,2,69.0
ファンデーション,2021,3,74.0
ファンデーション,2021,4,71.0
ファンデーション,2021,5,66.0
ファンデーション,2021,6,65.0
ファンデーション,2021,7,61.0
ファンデーション,2021,8,57.0
ファンデーション,2021,9,60.0
ファンデーション,2021,10,61.0
ファンデーション,2021,11,65.0
ファンデーション,2021,12,67.0
ファンデーション,2022,1,70.0
ファンデーション,2022,2,77.0
ファンデーション,2022,3,81.0
ファンデーション,2022,4,73.0
ファンデーション,2022,5,74.0
ファンデーション,2022,6,70.0
ファンデーション,2022,7,65.0
ファンデーション,2022,8,65.0
ファンデーション,2022,9,68.0
ファンデーション,2022,10,68.0
ファンデーション,2022,11,72.0
ファンデーション,2022,12,62.0
ファンデーション,2023,1,65.0
ファンデーション,2023,2,72.0
ファンデーション,2023,3,80.0
ファンデーション,2023,4,74.0
ファンデーション,2023,5,73.0
ファンデーション,2023,6,77.0
ファンデーション,2023,7,75.0
ファンデーション,2023,8,65.0
ファンデーション,2023,9,75.0
ファンデーション,2023,10,70.0
ファンデーション,2023,11,76.0
ファンデーション,2023,12,74.0
ファンデーション,2024,1,69.0
ファンデーション,2024,2,69.0
ファンデーション,2024,3,68.0
ファンデーション,2024,4,64.0
ファンデーション,2024,5,66.0
ファンデーション,2024,6,63.0
ファンデーション,2024,7,62.0
ファンデーション,2024,8,52.0
ファンデーション,2024,9,62.0
ファンデーション,2024,10,56.0
ファンデーション,2024,11,59.0
ファンデーション,2024,12,57.0
ファンデーション,2025,1,57.0
ファンデーション,2025,2,61.0
ファンデーション,2025,3,62.0
ファンデーション,2025,4,60.0
ファンデーション,2025,5,61.0
ファンデーション,2025,6,63.0
ファンデーション,2025,7,62.0
ファンデーション,2025,8,57.0
ファンデーション,2025,9,58.0
ファンデーション,2025,10,51.0
ファンデーション,2025,11,56.0
ファンデーション,2025,12,54.0
レチナール,2019,1,2.0
レチナール,2019,2,3.0
レチナール,2019,3,0.0
レチナール,2019,4,0.0
レチナール,2019,5,2.0
レチナール,2019,6,2.0
レチナール,2019,7,2.0
レチナール,2019,8,0.0
レチナール,2019,9,0.0
レチナール,2019,10,0.0
レチナール,2019,11,3.0
レチナール,2019,12,3.0
レチナール,2020,1,4.0
レチナール,2020,2,2.0
レチナール,2020,3,2.0
レチナール,2020,4,0.0
レチナール,2020,5,2.0
レチナール,2020,6,5.0
レチナール,2020,7,6.0
レチナール,2020,8,3.0
レチナール,2020,9,2.0
レチナール,2020,10,3.0
レチナール,2020,11,3.0
レチナール,2020,12,2.0
レチナール,2021,1,3.0
レチナール,2021,2,3.0
レチナール,2021,3,0.0
レチナール,2021,4,2.0
レチナール,2021,5,3.0
レチナール,2021,6,4.0
レチナール,2021,7,3.0
レチナール,2021,8,2.0
レチナール,2021,9,5.0
レチナール,2021,10,4.0
レチナール,2021,11,4.0
レチナール,2021,12,4.0
レチナール,2022,1,5.0
レチナール,2022,2,6.0
レチナール,2022,3,3.0
レチナール,2022,4,3.0
レチナール,2022,5,4.0
レチナール,2022,6,5.0
レチナール,2022,7,5.0
レチナール,2022,8,3.0
レチナール,2022,9,3.0
レチナール,2022,10,3.0
レチナール,2022,11,4.0
レチナール,2022,12,5.0
レチナール,2023,1,5.0
レチナール,2023,2,3.0
レチナール,2023,3,4.0
レチナール,2023,4,3.0
レチナール,2023,5,4.0
レチナール,2023,6,4.0
レチナール,2023,7,6.0
レチナール,2023,8,4.0
レチナール,2023,9,4.0
レチナール,2023,10,6.0
レチナール,2023,11,6.0
レチナール,2023,12,5.0
レチナール,2024,1,5.0
レチナール,2024,2,5.0
レチナール,2024,3,4.0
レチナール,2024,4,3.0
レチナール,2024,5,0.0
レチナール,2024,6,5.0
レチナール,2024,7,5.0
レチナール,2024,8,3.0
レチナール,2024,9,4.0
レチナール,2024,10,5.0
レチナール,2024,11,6.0
レチナール,2024,12,6.0
レチナール,2025,1,5.0
レチナール,2025,2,6.0
レチナール,2025,3,5.0
レチナール,2025,4,8.0
レチナール,2025,5,6.0
レチナール,2025,6,7.0
レチナール,2025,7,8.0
レチナール,2025,8,8.0
レチナール,2025,9,9.0
レチナール,2025,10,11.0
レチナール,2025,11,10.0
レチナール,2025,12,10.0
レチノール,2019,1,9.0
レチノール,2019,2,12.0
レチノール,2019,3,10.0
レチノール,2019,4,8.0
レチノール,2019,5,9.0
レチノール,2019,6,10.0
レチノール,2019,7,9.0
レチノール,2019,8,9.0
レチノール,2019,9,11.0
レチノール,2019,10,11.0
レチノール,2019,11,12.0
レチノール,2019,12,11.0
レチノール,2020,1,12.0
レチノール,2020,2,12.0
レチノール,2020,3,10.0
レチノール,2020,4,9.0
レチノール,2020,5,12.0
レチノール,2020,6,12.0
レチノール,2020,7,10.0
レチノール,2020,8,11.0
レチノール,2020,9,13.0
レチノール,2020,10,13.0
レチノール,2020,11,15.0
レチノール,2020,12,13.0
レチノール,2021,1,15.0
レチノール,2021,2,19.0
レチノール,2021,3,16.0
レチノール,2021,4,16.0
レチノール,2021,5,18.0
レチノール,2021,6,17.0
レチノール,2021,7,16.0
レチノール,2021,8,18.0
レチノール,2021,9,23.0
レチノール,2021,10,22.0
レチノール,2021,11,29.0
レチノール,2021,12,25.0
レチノール,2022,1,29.0
レチノール,2022,2,48.0
レチノール,2022,3,42.0
レチノール,2022,4,35.0
レチノール,2022,5,54.0
レチノール,2022,6,48.0
レチノール,2022,7,37.0
レチノール,2022,8,41.0
レチノール,2022,9,55.0
レチノール,2022,10,54.0
レチノール,2022,11,62.0
レチノール,2022,12,57.0
レチノール,2023,1,59.0
レチノール,2023,2,54.0
レチノール,2023,3,63.0
レチノール,2023,4,55.0
レチノール,2023,5,57.0
レチノール,2023,6,72.0
レチノール,2023,7,53.0
レチノール,2023,8,57.0
レチノール,2023,9,90.0
レチノール,2023,10,69.0
レチノール,2023,11,71.0
レチノール,2023,12,68.0
レチノール,2024,1,64.0
レチノール,2024,2,59.0
レチノール,2024,3,74.0
レチノール,2024,4,54.0
レチノール,2024,5,63.0
レチノール,2024,6,82.0
レチノール,2024,7,68.0
レチノール,2024,8,61.0
レチノール,2024,9,100.0
レチノール,2024,10,72.0
レチノール,2024,11,79.0
レチノール,2024,12,66.0
レチノール,2025,1,67.0
レチノール,2025,2,67.0
レチノール,2025,3,78.0
レチノール,2025,4,63.0
レチノール,2025,5,64.0
レチノール,2025,6,70.0
レチノール,2025,7,54.0
レチノール,2025,8,69.0
レチノール,2025,9,75.0
レチノール,2025,10,60.0
レチノール,2025,11,75.0
レチノール,2025,12,75.0
乳液,2019,1,60.0
乳液,2019,2,54.0
乳液,2019,3,66.0
乳液,2019,4,65.0
乳液,2019,5,60.0
乳液,2019,6,53.0
乳液,2019,7,48.0
乳液,2019,8,48.0
乳液,2019,9,63.0
乳液,2019,10,55.0
乳液,2019,11,67.0
乳液,2019,12,70.0
乳液,2020,1,78.0
乳液,2020,2,76.0
乳液,2020,3,72.0
乳液,2020,4,76.0
乳液,2020,5,86.0
乳液,2020,6,70.0
乳液,2020,7,59.0
乳液,2020,8,65.0
乳液,2020,9,65.0
乳液,2020,10,75.0
乳液,2020,11,76.0
乳液,2020,12,81.0
乳液,2021,1,89.0
乳液,2021,2,85.0
乳液,2021,3,77.0
乳液,2021,4,71.0
乳液,2021,5,75.0
乳液,2021,6,62.0
乳液,2021,7,51.0
乳液,2021,8,58.0
乳液,2021,9,69.0
乳液,2021,10,71.0
乳液,2021,11,75.0
乳液,2021,12,71.0
乳液,2022,1,84.0
乳液,2022,2,93.0
乳液,2022,3,89.0
乳液,2022,4,76.0
乳液,2022,5,75.0
乳液,2022,6,69.0
乳液,2022,7,65.0
乳液,2022,8,70.0
乳液,2022,9,76.0
乳液,2022,10,85.0
乳液,2022,11,84.0
乳液,2022,12,81.0
乳液,2023,1,85.0
乳液,2023,2,83.0
乳液,2023,3,89.0
乳液,2023,4,83.0
乳液,2023,5,79.0
乳液,2023,6,76.0
乳液,2023,7,71.0
乳液,2023,8,73.0
乳液,2023,9,79.0
乳液,2023,10,87.0
乳液,2023,11,94.0
乳液,2023,12,96.0
乳液,2024,1,90.0
乳液,2024,2,88.0
乳液,2024,3,91.0
乳液,2024,4,82.0
乳液,2024,5,80.0
乳液,2024,6,78.0
乳液,2024,7,67.0
乳液,2024,8,67.0
乳液,2024,9,76.0
乳液,2024,10,77.0
乳液,2024,11,88.0
乳液,2024,12,94.0
乳液,2025,1,100.0
乳液,2025,2,93.0
乳液,2025,3,85.0
乳液,2025,4,80.0
乳液,2025,5,77.0
乳液,2025,6,71.0
乳液,2025,7,67.0
乳液,2025,8,70.0
乳液,2025,9,68.0
乳液,2025,10,75.0
乳液,2025,11,93.0
乳液,2025,12,92.0
化粧品,2019,1,89.0
化粧品,2019,2,90.0
化粧品,2019,3,91.0
化粧品,2019,4,85.0
化粧品,2019,5,87.0
化粧品,2019,6,85.0
化粧品,2019,7,79.0
化粧品,2019,8,76.0
化粧品,2019,9,90.0
化粧品,2019,10,80.0
化粧品,2019,11,89.0
化粧品,2019,12,92.0
化粧品,2020,1,88.0
化粧品,2020,2,100.0
化粧品,2020,3,80.0
化粧品,2020,4,75.0
化粧品,2020,5,78.0
化粧品,2020,6,78.0
化粧品,2020,7,69.0
化粧品,2020,8,73.0
化粧品,2020,9,76.0
化粧品,2020,10,72.0
化粧品,2020,11,78.0
化粧品,2020,12,77.0
化粧品,2021,1,80.0
化粧品,2021,2,79.0
化粧品,2021,3,75.0
化粧品,2021,4,73.0
化粧品,2021,5,74.0
化粧品,2021,6,70.0
化粧品,2021,7,61.0
化粧品,2021,8,63.0
化粧品,2021,9,72.0
化粧品,2021,10,68.0
化粧品,2021,11,71.0
化粧品,2021,12,68.0
化粧品,2022,1,71.0
化粧品,2022,2,75.0
化粧品,2022,3,77.0
化粧品,2022,4,69.0
化粧品,2022,5,68.0
化粧品,2022,6,66.0
化粧品,2022,7,60.0
化粧品,2022,8,63.0
化粧品,2022,9,66.0
化粧品,2022,10,62.0
化粧品,2022,11,69.0
化粧品,2022,12,69.0
化粧品,2023,1,65.0
化粧品,2023,2,70.0
化粧品,2023,3,72.0
化粧品,2023,4,69.0
化粧品,2023,5,64.0
化粧品,2023,6,67.0
化粧品,2023,7,63.0
化粧品,2023,8,61.0
化粧品,2023,9,68.0
化粧品,2023,10,67.0
化粧品,2023,11,68.0
化粧品,2023,12,66.0
化粧品,2024,1,64.0
化粧品,2024,2,67.0
化粧品,2024,3,63.0
化粧品,2024,4,61.0
化粧品,2024,5,60.0
化粧品,2024,6,59.0
化粧品,2024,7,57.0
化粧品,2024,8,51.0
化粧品,2024,9,58.0
化粧品,2024,10,58.0
化粧品,2024,11,60.0
化粧品,2024,12,60.0
化粧品,2025,1,76.0
化粧品,2025,2,58.0
化粧品,2025,3,61.0
化粧品,2025,4,55.0
化粧品,2025,5,60.0
化粧品,2025,6,58.0
化粧品,2025,7,52.0
化粧品,2025,8,53.0
化粧品,2025,9,58.0
化粧品,2025,10,52.0
化粧品,2025,11,57.0
化粧品,2025,12,57.0
化粧水,2019,1,83.0
化粧水,2019,2,72.0
化粧水,2019,3,84.0
化粧水,2019,4,74.0
化粧水,2019,5,80.0
化粧水,2019,6,75.0
化粧水,2019,7,70.0
化粧水,2019,8,69.0
化粧水,2019,9,78.0
化粧水,2019,10,74.0
化粧水,2019,11,83.0
化粧水,2019,12,83.0
化粧水,2020,1,82.0
化粧水,2020,2,96.0
化粧水,2020,3,81.0
化粧水,2020,4,86.0
化粧水,2020,5,97.0
化粧水,2020,6,91.0
化粧水,2020,7,80.0
化粧水,2020,8,82.0
化粧水,2020,9,82.0
化粧水,2020,10,80.0
化粧水,2020,11,89.0
化粧水,2020,12,88.0
化粧水,2021,1,100.0
化粧水,2021,2,92.0
化粧水,2021,3,91.0
化粧水,2021,4,83.0
化粧水,2021,5,89.0
化粧水,2021,6,85.0
化粧水,2021,7,71.0
化粧水,2021,8,75.0
化粧水,2021,9,86.0
化粧水,2021,10,76.0
化粧水,2021,11,84.0
化粧水,2021,12,81.0
化粧水,2022,1,93.0
化粧水,2022,2,98.0
化粧水,2022,3,90.0
化粧水,2022,4,84.0
化粧水,2022,5,86.0
化粧水,2022,6,79.0
化粧水,2022,7,73.0
化粧水,2022,8,80.0
化粧水,2022,9,78.0
化粧水,2022,10,81.0
化粧水,2022,11,85.0
化粧水,2022,12,83.0
化粧水,2023,1,84.0
化粧水,2023,2,85.0
化粧水,2023,3,90.0
化粧水,2023,4,80.0
化粧水,2023,5,88.0
化粧水,2023,6,80.0
化粧水,2023,7,80.0
化粧水,2023,8,78.0
化粧水,2023,9,85.0
化粧水,2023,10,84.0
化粧水,2023,11,88.0
化粧水,2023,12,80.0
化粧水,2024,1,86.0
化粧水,2024,2,83.0
化粧水,2024,3,92.0
化粧水,2024,4,77.0
化粧水,2024,5,81.0
化粧水,2024,6,79.0
化粧水,2024,7,70.0
化粧水,2024,8,70.0
化粧水,2024,9,77.0
化粧水,2024,10,73.0
化粧水,2024,11,79.0
化粧水,2024,12,75.0
化粧水,2025,1,78.0
化粧水,2025,2,79.0
化粧水,2025,3,78.0
化粧水,2025,4,68.0
化粧水,2025,5,73.0
化粧水,2025,6,75.0
化粧水,2025,7,67.0
化粧水,2025,8,75.0
化粧水,2025,9,71.0
化粧水,2025,10,69.0
化粧水,2025,11,79.0
化粧水,2025,12,78.0
口紅,2019,1,100.0
口紅,2019,2,91.0
口紅,2019,3,95.0
口紅,2019,4,75.0
口紅,2019,5,81.0
口紅,2019,6,75.0
口紅,2019,7,77.0
口紅,2019,8,77.0
口紅,2019,9,92.0
口紅,2019,10,81.0
口紅,2019,11,88.0
口紅,2019,12,94.0
口紅,2020,1,86.0
口紅,2020,2,79.0
口紅,2020,3,69.0
口紅,2020,4,41.0
口紅,2020,5,41.0
口紅,2020,6,39.0
口紅,2020,7,37.0
口紅,2020,8,38.0
口紅,2020,9,38.0
口紅,2020,10,37.0
口紅,2020,11,39.0
口紅,2020,12,40.0
口紅,2021,1,37.0
口紅,2021,2,36.0
口紅,2021,3,37.0
口紅,2021,4,33.0
口紅,2021,5,31.0
口紅,2021,6,29.0
口紅,2021,7,35.0
口紅,2021,8,36.0
口紅,2021,9,38.0
口紅,2021,10,36.0
口紅,2021,11,35.0
口紅,2021,12,41.0
口紅,2022,1,46.0
口紅,2022,2,37.0
口紅,2022,3,40.0
口紅,2022,4,36.0
口紅,2022,5,33.0
口紅,2022,6,32.0
口紅,2022,7,30.0
口紅,2022,8,32.0
口紅,2022,9,49.0
口紅,2022,10,53.0
口紅,2022,11,40.0
口紅,2022,12,36.0
口紅,2023,1,32.0
口紅,2023,2,36.0
口紅,2023,3,43.0
口紅,2023,4,40.0
口紅,2023,5,43.0
口紅,2023,6,65.0
口紅,2023,7,45.0
口紅,2023,8,45.0
口紅,2023,9,49.0
口紅,2023,10,49.0
口紅,2023,11,46.0
口紅,2023,12,43.0
口紅,2024,1,41.0
口紅,2024,2,39.0
口紅,2024,3,37.0
口紅,2024,4,34.0
口紅,2024,5,36.0
口紅,2024,6,34.0
口紅,2024,7,29.0
口紅,2024,8,31.0
口紅,2024,9,33.0
口紅,2024,10,32.0
口紅,2024,11,35.0
口紅,2024,12,33.0
口紅,2025,1,33.0
口紅,2025,2,29.0
口紅,2025,3,31.0
口紅,2025,4,30.0
口紅,2025,5,28.0
口紅,2025,6,28.0
口紅,2025,7,29.0
口紅,2025,8,27.0
口紅,2025,9,30.0
口紅,2025,10,27.0
口紅,2025,11,32.0
口紅,2025,12,28.0
日焼け止め,2019,1,10.0
日焼け止め,2019,2,15.0
日焼け止め,2019,3,26.0
日焼け止め,2019,4,47.0
日焼け止め,2019,5,73.0
日焼け止め,2019,6,46.0
日焼け止め,2019,7,39.0
日焼け止め,2019,8,39.0
日焼け止め,2019,9,18.0
日焼け止め,2019,10,10.0
日焼け止め,2019,11,9.0
日焼け止め,2019,12,9.0
日焼け止め,2020,1,11.0
日焼け止め,2020,2,16.0
日焼け止め,2020,3,25.0
日焼け止め,2020,4,28.0
日焼け止め,2020,5,50.0
日焼け止め,2020,6,55.0
日焼け止め,2020,7,31.0
日焼け止め,2020,8,48.0
日焼け止め,2020,9,20.0
日焼け止め,2020,10,11.0
日焼け止め,2020,11,10.0
日焼け止め,2020,12,9.0
日焼け止め,2021,1,12.0
日焼け止め,2021,2,23.0
日焼け止め,2021,3,35.0
日焼け止め,2021,4,54.0
日焼け止め,2021,5,57.0
日焼け止め,2021,6,59.0
日焼け止め,2021,7,58.0
日焼け止め,2021,8,34.0
日焼け止め,2021,9,19.0
日焼け止め,2021,10,16.0
日焼け止め,2021,11,12.0
日焼け止め,2021,12,10.0
日焼け止め,2022,1,15.0
日焼け止め,2022,2,22.0
日焼け止め,2022,3,41.0
日焼け止め,2022,4,68.0
日焼け止め,2022,5,75.0
日焼け止め,2022,6,74.0
日焼け止め,2022,7,66.0
日焼け止め,2022,8,48.0
日焼け止め,2022,9,27.0
日焼け止め,2022,10,18.0
日焼け止め,2022,11,16.0
日焼け止め,2022,12,12.0
日焼け止め,2023,1,16.0
日焼け止め,2023,2,24.0
日焼け止め,2023,3,49.0
日焼け止め,2023,4,70.0
日焼け止め,2023,5,83.0
日焼け止め,2023,6,84.0
日焼け止め,2023,7,91.0
日焼け止め,2023,8,59.0
日焼け止め,2023,9,35.0
日焼け止め,2023,10,21.0
日焼け止め,2023,11,19.0
日焼け止め,2023,12,15.0
日焼け止め,2024,1,18.0
日焼け止め,2024,2,26.0
日焼け止め,2024,3,45.0
日焼け止め,2024,4,70.0
日焼け止め,2024,5,81.0
日焼け止め,2024,6,74.0
日焼け止め,2024,7,77.0
日焼け止め,2024,8,53.0
日焼け止め,2024,9,34.0
日焼け止め,2024,10,20.0
日焼け止め,2024,11,17.0
日焼け止め,2024,12,15.0
日焼け止め,2025,1,18.0
日焼け止め,2025,2,25.0
日焼け止め,2025,3,42.0
日焼け止め,2025,4,66.0
日焼け止め,2025,5,76.0
日焼け止め,2025,6,87.0
日焼け止め,2025,7,86.0
日焼け止め,2025,8,56.0
日焼け止め,2025,9,31.0
日焼け止め,2025,10,18.0
日焼け止め,2025,11,18.0
日焼け止め,2025,12,15.0
洗顔,2019,1,64.0
洗顔,2019,2,61.0
洗顔,2019,3,71.0
洗顔,2019,4,68.0
洗顔,2019,5,75.0
洗顔,2019,6,80.0
洗顔,2019,7,80.0
洗顔,2019,8,76.0
洗顔,2019,9,82.0
洗顔,2019,10,68.0
洗顔,2019,11,70.0
洗顔,2019,12,71.0
洗顔,2020,1,76.0
洗顔,2020,2,82.0
洗顔,2020,3,80.0
洗顔,2020,4,84.0
洗顔,2020,5,100.0
洗顔,2020,6,94.0
洗顔,2020,7,90.0
洗顔,2020,8,93.0
洗顔,2020,9,84.0
洗顔,2020,10,78.0
洗顔,2020,11,76.0
洗顔,2020,12,73.0
洗顔,2021,1,87.0
洗顔,2021,2,85.0
洗顔,2021,3,73.0
洗顔,2021,4,74.0
洗顔,2021,5,83.0
洗顔,2021,6,81.0
洗顔,2021,7,78.0
洗顔,2021,8,81.0
洗顔,2021,9,84.0
洗顔,2021,10,72.0
洗顔,2021,11,70.0
洗顔,2021,12,69.0
洗顔,2022,1,76.0
洗顔,2022,2,83.0
洗顔,2022,3,83.0
洗顔,2022,4,79.0
洗顔,2022,5,86.0
洗顔,2022,6,83.0
洗顔,2022,7,81.0
洗顔,2022,8,86.0
洗顔,2022,9,87.0
洗顔,2022,10,77.0
洗顔,2022,11,76.0
洗顔,2022,12,65.0
洗顔,2023,1,71.0
洗顔,2023,2,75.0
洗顔,2023,3,76.0
洗顔,2023,4,78.0
洗顔,2023,5,79.0
洗顔,2023,6,81.0
洗顔,2023,7,82.0
洗顔,2023,8,80.0
洗顔,2023,9,87.0
洗顔,2023,10,76.0
洗顔,2023,11,75.0
洗顔,2023,12,64.0
洗顔,2024,1,64.0
洗顔,2024,2,67.0
洗顔,2024,3,69.0
洗顔,2024,4,69.0
洗顔,2024,5,77.0
洗顔,2024,6,76.0
洗顔,2024,7,72.0
洗顔,2024,8,69.0
洗顔,2024,9,73.0
洗顔,2024,10,75.0
洗顔,2024,11,71.0
洗顔,2024,12,64.0
洗顔,2025,1,69.0
洗顔,2025,2,68.0
洗顔,2025,3,70.0
洗顔,2025,4,68.0
洗顔,2025,5,74.0
洗顔,2025,6,72.0
洗顔,2025,7,75.0
洗顔,2025,8,80.0
洗顔,2025,9,73.0
洗顔,2025,10,71.0
洗顔,2025,11,71.0
洗顔,2025,12,67.0
美容液,2019,1,60.0
美容液,2019,2,54.0
美容液,2019,3,60.0
美容液,2019,4,53.0
美容液,2019,5,51.0
美容液,2019,6,47.0
美容液,2019,7,46.0
美容液,2019,8,46.0
美容液,2019,9,48.0
美容液,2019,10,50.0
美容液,2019,11,57.0
美容液,2019,12,58.0
美容液,2020,1,61.0
美容液,2020,2,66.0
美容液,2020,3,60.0
美容液,2020,4,56.0
美容液,2020,5,62.0
美容液,2020,6,61.0
美容液,2020,7,58.0
美容液,2020,8,63.0
美容液,2020,9,61.0
美容液,2020,10,55.0
美容液,2020,11,61.0
美容液,2020,12,72.0
美容液,2021,1,74.0
美容液,2021,2,73.0
美容液,2021,3,70.0
美容液,2021,4,71.0
美容液,2021,5,67.0
美容液,2021,6,60.0
美容液,2021,7,54.0
美容液,2021,8,58.0
美容液,2021,9,66.0
美容液,2021,10,59.0
美容液,2021,11,70.0
美容液,2021,12,67.0
美容液,2022,1,77.0
美容液,2022,2,76.0
美容液,2022,3,76.0
美容液,2022,4,66.0
美容液,2022,5,66.0
美容液,2022,6,64.0
美容液,2022,7,59.0
美容液,2022,8,66.0
美容液,2022,9,63.0
美容液,2022,10,67.0
美容液,2022,11,71.0
美容液,2022,12,69.0
美容液,2023,1,72.0
美容液,2023,2,78.0
美容液,2023,3,73.0
美容液,2023,4,69.0
美容液,2023,5,72.0
美容液,2023,6,75.0
美容液,2023,7,63.0
美容液,2023,8,65.0
美容液,2023,9,75.0
美容液,2023,10,77.0
美容液,2023,11,82.0
美容液,2023,12,84.0
美容液,2024,1,85.0
美容液,2024,2,82.0
美容液,2024,3,86.0
美容液,2024,4,71.0
美容液,2024,5,85.0
美容液,2024,6,80.0
美容液,2024,7,68.0
美容液,2024,8,68.0
美容液,2024,9,83.0
美容液,2024,10,79.0
美容液,2024,11,88.0
美容液,2024,12,91.0
美容液,2025,1,91.0
美容液,2025,2,89.0
美容液,2025,3,98.0
美容液,2025,4,89.0
美容液,2025,5,89.0
美容液,2025,6,84.0
美容液,2025,7,75.0
美容液,2025,8,87.0
美容液,2025,9,84.0
美容液,2025,10,79.0
美容液,2025,11,91.0
美容液,2025,12,85.0
