tier_group,category,sku_count,avg_reviews,avg_rating,rated_share,med_price,min_price,max_price,snapshot_date
cosmetics,korean_cosmetics,2783,15.4,4.49,0.893,2290.0,73.0,374000.0,2026-10-01
cosmetics,cosmetics,2671,103.9,4.48,1.0,2400.0,128.0,41940.0,2026-10-01
skincare,sun_protection,2827,23.6,4.56,1.0,2750.0,283.0,40205.0,2026-10-01
skincare,face_cream,2709,16.9,4.61,0.999,4350.0,220.0,90310.0,2026-10-01
skincare,all_in_one,2655,10.7,4.55,0.801,3300.0,100.0,100027.0,2026-10-01
skincare,face_wash,2646,30.3,4.65,1.0,2200.0,100.0,70686.0,2026-10-01
skincare,emulsion,2644,8.8,4.6,1.0,3280.0,200.0,68000.0,2026-10-01
skincare,toner_lotion,2541,30.4,4.65,1.0,3235.0,220.0,105000.0,2026-10-01
skincare,serum_essence,2526,26.4,4.57,1.0,4180.0,88.0,199584.0,2026-10-01
skincare,skincare,2143,190.2,4.57,1.0,2981.0,100.0,39800.0,2026-10-01
