channel_name,search_category,video_count,total_views,total_comments,tier_group
コスメヲタちゃんねるサラ,ファンデーション,5,27437267,1651,cosmetics
nanakoななこ,洗顔料,2,11988839,2538,skincare
HIRO BEAUTY CHANNEL,その他メイク,6,9868237,3268,cosmetics
HIRO BEAUTY CHANNEL,ファンデーション,6,8588281,2396,cosmetics
かずのすけ,化粧水,14,8255036,4998,skincare
コスメヲタちゃんねるサラ,口紅・リップ,2,8135990,749,cosmetics
友利新公式チャンネル(内科・皮膚科医),成分・知識,8,7492892,2463,skincare
かずのすけ,乳液・クリーム,11,7370119,3312,skincare
美髪アドバイザー小山【こやゆう】熊本美髪専門美容師,美容液,1,6929615,613,skincare
ハウスダスト,アイシャドウ,2,6847213,2657,cosmetics
KAJIERI,その他メイク,2,6817502,971,cosmetics
やまりゅう【肌の悩み改善ch】,洗顔料,1,6254277,875,skincare
水越みさと,アイシャドウ,7,6145588,2085,cosmetics
HIRO BEAUTY CHANNEL,アイシャドウ,3,5031908,2087,cosmetics
HASHIMOTO BEAUTY CHANNEL,アイシャドウ,1,4663607,755,cosmetics
かずのすけ,敏感肌・乾燥肌,5,4617541,2152,skincare
薬剤師ナカショウ,乳液・クリーム,2,4506582,1016,skincare
かずのすけ,美容液,9,4375269,3391,skincare
ゆきりんワールド,その他メイク,1,4348851,3020,cosmetics
nanakoななこ,アイシャドウ,1,4115175,2417,cosmetics
かずのすけ,洗顔料,1,3726953,773,skincare
すみしょう,成分・知識,2,3701723,1467,skincare
化粧品子ちゃん,その他メイク,1,3553342,136,cosmetics
EGA.channel,化粧水,2,3417976,2008,skincare
しゅう@コスメ日記,洗顔料,1,3347720,430,skincare
かずのすけ,エイジングケア,7,3220220,1739,skincare
桃桃ちゃん🍑(MOMO),エイジングケア,1,3163543,148,skincare
EGA.channel,美容液,5,3127076,1614,skincare
水越みさと,ファンデーション,3,3122824,824,cosmetics
ALISAのメイク講座,アイシャドウ,1,3066815,306,cosmetics
まいぱん,アイシャドウ,1,3033011,260,cosmetics
美容オタクのダン,乳液・クリーム,1,2852467,481,skincare
Hitomi,アイシャドウ,1,2792319,130,cosmetics
なるねぇ【笑けるダイエット】,ニキビ・毛穴,1,2766583,1138,skincare
すみしょう,美容液,2,2703228,1200,skincare
こばとも先生のスキンアカデミー【こばとも皮膚科】,ニキビ・毛穴,1,2486990,302,skincare
すみしょう,乳液・クリーム,2,2331441,446,skincare
美容ノゆうや,洗顔料,1,2330222,180,skincare
北條元治 | 形成外科医・肌の再生医療の専門家,エイジングケア,3,2307522,280,skincare
HIRO BEAUTY CHANNEL,ニキビ・毛穴,1,2296376,605,skincare
ざわちんチャンネル,その他メイク,1,2211469,142,cosmetics
美容ノゆうや,メンズ・プチプラ,5,2192294,389,skincare
Make up GYUTAE,ニキビ・毛穴,1,2059964,635,skincare
かずのすけ,成分・知識,6,2007323,1210,skincare
HIRO BEAUTY CHANNEL,メンズ・プチプラ,1,1910159,968,skincare
ハウスダスト,ファンデーション,1,1909391,298,cosmetics
ALISAのメイク講座,その他メイク,1,1895268,119,cosmetics
水越みさと,口紅・リップ,5,1883179,1209,cosmetics
fukuse yuuriマリリン,乳液・クリーム,1,1851447,240,skincare
美容オタクのダン,ファンデーション,1,1837841,166,cosmetics
とうあ,ニキビ・毛穴,1,1834887,685,skincare
ドラゴン細井featアマソラクリニックch,敏感肌・乾燥肌,1,1784819,217,skincare
美容オタクのダン,洗顔料,1,1762859,288,skincare
Saaya,ニキビ・毛穴,1,1758292,752,skincare
HIRO BEAUTY CHANNEL,韓国コスメ,3,1707680,968,korean
美容マニアハウス,エイジングケア,1,1546971,189,skincare
あいす🍨🎀プチプラガーリーメイク,その他メイク,1,1479077,109,cosmetics
かぽちゃんねる,その他メイク,1,1458082,151,cosmetics
千賀健永 / kento senga,美容液,3,1443234,1374,skincare
HIRO BEAUTY CHANNEL,洗顔料,1,1438702,487,skincare
水越みさと,メンズ・プチプラ,4,1392665,436,skincare
りんかのお部屋 【Rinka】,成分・知識,1,1312454,300,skincare
ひまひまチャンネル,アイシャドウ,1,1282621,480,cosmetics
【公認】スタンミ切り抜き,メンズ・プチプラ,1,1278494,928,skincare
水越みさと,敏感肌・乾燥肌,3,1218234,524,skincare
五彩緋夏 ひなちゃん5しゃい,口紅・リップ,1,1216735,1039,cosmetics
HIRO BEAUTY CHANNEL,エイジングケア,2,1212166,707,skincare
yuriアラフィフlife 🌱,その他メイク,2,1186391,819,cosmetics
八田エミリの日常,メンズ・プチプラ,2,1108260,816,skincare
美容ノゆうや,敏感肌・乾燥肌,2,1098803,274,skincare
すみしょう,化粧水,2,864498,307,skincare
HIRO BEAUTY CHANNEL,口紅・リップ,1,854953,296,cosmetics
かずのすけ,メンズ・プチプラ,2,832842,530,skincare
momoho channel,その他メイク,1,810653,187,cosmetics
Re:横浜から始める黒服生活,敏感肌・乾燥肌,1,802552,156,skincare
PIVOT 公式チャンネル,メンズ・プチプラ,1,790820,403,skincare
minimaru cosme,ファンデーション,1,760485,167,cosmetics
鹿の間,ファンデーション,2,757033,449,cosmetics
かずのすけ,日焼け止め,1,691867,181,skincare
おざみ /Misato Ozawa,その他メイク,1,687671,264,cosmetics
Tsumiki つみき,口紅・リップ,2,665453,348,cosmetics
天野佳代子の大人美容 【歳をとるのは怖くない】,エイジングケア,1,649860,141,skincare
八田エミリ 美容,エイジングケア,1,613871,115,skincare
ヘアメイク職人_化け子,その他メイク,1,605283,141,cosmetics
水越みさと,乳液・クリーム,1,600550,291,skincare
薬剤師ナカショウ,エイジングケア,1,599405,70,skincare
EGA.channel,敏感肌・乾燥肌,1,591645,315,skincare
ヨガ的美容家 エリカ,エイジングケア,1,585330,98,skincare
薬剤師ナカショウ,敏感肌・乾燥肌,1,579779,117,skincare
友利新公式チャンネル(内科・皮膚科医),日焼け止め,2,562451,180,skincare
mizuno yuka水野 祐香,敏感肌・乾燥肌,1,553382,123,skincare
Tsumiki つみき,敏感肌・乾燥肌,1,550236,133,skincare
HIRO BEAUTY CHANNEL,乳液・クリーム,1,503843,195,skincare
はなふさ皮膚科17院　花房火月のチャンネル,乳液・クリーム,1,496900,186,skincare
みかみ / ヘアセットの先生,メンズ・プチプラ,1,485754,303,skincare
キヨキヨの美容チャンネル,韓国コスメ,1,484147,110,korean
ガルちゃん美容ニュース,メンズ・プチプラ,1,473145,67,skincare
水越みさと,成分・知識,1,469727,148,skincare
はなふさ皮膚科17院　花房火月のチャンネル,化粧水,1,450708,429,skincare
Tsumiki つみき,アイシャドウ,1,442873,151,cosmetics
すみしょう,日焼け止め,2,434396,251,skincare
Lab Muffin Beauty Science,日焼け止め,1,429053,1306,skincare
さきめぐ Beauty Class【美容家・化粧品開発者】,敏感肌・乾燥肌,2,427738,210,skincare
MERY,口紅・リップ,1,404645,72,cosmetics
水越みさと,日焼け止め,1,397689,154,skincare
ニキ美ユーチューバー【インシ】,ファンデーション,1,396782,167,cosmetics
長井かおり | おしゃべりメイクBOX,その他メイク,1,390436,99,cosmetics
アンダ ANDA,口紅・リップ,1,359762,212,cosmetics
はなふさ皮膚科17院　花房火月のチャンネル,成分・知識,1,359370,104,skincare
美容皮膚お悩み相談室【ルーチェクリニック】,成分・知識,1,359351,76,skincare
鹿の間,敏感肌・乾燥肌,1,336327,197,skincare
さきめぐ Beauty Class【美容家・化粧品開発者】,エイジングケア,1,329967,200,skincare
友利新公式チャンネル(内科・皮膚科医),敏感肌・乾燥肌,1,308743,96,skincare
Hyukヒョク,韓国コスメ,2,274291,300,korean
ありちゃん〜毎月の支出の半分をコスメに充てる女〜,口紅・リップ,1,224536,75,cosmetics
美容家 石井美保 ボーテストTV,韓国コスメ,1,219557,80,korean
Mom Moments,エイジングケア,1,173224,196,skincare
鹿の間,アイシャドウ,1,167155,125,cosmetics
兵藤小百合｜さゆりメイク,メンズ・プチプラ,1,160596,82,skincare
コスメヲタちゃんねるサラ,韓国コスメ,1,143951,63,korean
さきめぐ Beauty Class【美容家・化粧品開発者】,メンズ・プチプラ,1,127882,223,skincare
唇モデルゆき,口紅・リップ,1,100147,57,cosmetics
韓国美容オタクのスイカ,韓国コスメ,1,86495,141,korean
KyoN 美肌研究家 | しゃべる真珠,化粧水,1,62934,200,skincare
One Eye Beauty,日焼け止め,1,60684,155,skincare
角由紀子のヤバイ美容〜不老美死を目指すオンナ〜,日焼け止め,1,23590,54,skincare
AliceintheRabbitHole,日焼け止め,1,15356,133,skincare
