seed,seed_group,side,window,compare_time,pull_1,pulled_at_1,top_1,rising_1,pull_2,pulled_at_2,top_2,rising_2
スキンケア,category,skincare,2022-01-01 2025-12-31,2018-01-01 2021-12-31,20261001T1334Z,2026-10-01T13:34:37+00:00,25,25,20261002T1342Z,2026-10-02T13:42:01+00:00,25,25
化粧水,category,skincare,2022-01-01 2025-12-31,2018-01-01 2021-12-31,20261001T1334Z,2026-10-01T13:34:45+00:00,25,15,20261002T1342Z,2026-10-02T13:42:09+00:00,25,13
美容液,category,skincare,2022-01-01 2025-12-31,2018-01-01 2021-12-31,20261001T1334Z,2026-10-01T13:34:53+00:00,25,25,20261002T1342Z,2026-10-02T13:42:17+00:00,25,25
乳液,category,skincare,2022-01-01 2025-12-31,2018-01-01 2021-12-31,20261001T1334Z,2026-10-01T13:35:00+00:00,25,25,20261002T1342Z,2026-10-02T13:42:25+00:00,25,25
洗顔,category,skincare,2022-01-01 2025-12-31,2018-01-01 2021-12-31,20261001T1334Z,2026-10-01T13:35:08+00:00,25,25,20261002T1342Z,2026-10-02T13:42:32+00:00,25,25
メイク,category,makeup,2022-01-01 2025-12-31,2018-01-01 2021-12-31,20261001T1334Z,2026-10-01T13:35:16+00:00,25,25,20261002T1342Z,2026-10-02T13:42:40+00:00,25,25
ファンデーション,category,makeup,2022-01-01 2025-12-31,2018-01-01 2021-12-31,20261001T1334Z,2026-10-01T13:35:23+00:00,25,25,20261002T1342Z,2026-10-02T13:42:48+00:00,25,25
口紅,category,makeup,2022-01-01 2025-12-31,2018-01-01 2021-12-31,20261001T1334Z,2026-10-01T13:35:31+00:00,25,25,20261002T1342Z,2026-10-02T13:42:56+00:00,25,25
アイシャドウ,category,makeup,2022-01-01 2025-12-31,2018-01-01 2021-12-31,20261001T1334Z,2026-10-01T13:35:39+00:00,25,20,20261002T1342Z,2026-10-02T13:43:04+00:00,25,20
チーク,category,makeup,2022-01-01 2025-12-31,2018-01-01 2021-12-31,20261001T1334Z,2026-10-01T13:35:46+00:00,25,25,20261002T1342Z,2026-10-02T13:43:11+00:00,25,25
日焼け止め,category,sunscreen,2022-01-01 2025-12-31,2018-01-01 2021-12-31,20261001T1334Z,2026-10-01T13:35:54+00:00,25,25,20261002T1342Z,2026-10-02T13:43:19+00:00,25,25
化粧品,category,umbrella,2022-01-01 2025-12-31,2018-01-01 2021-12-31,20261001T1334Z,2026-10-01T13:36:02+00:00,25,25,20261002T1342Z,2026-10-02T13:44:29+00:00,25,25
ナイアシンアミド,ingredient,,2022-01-01 2025-12-31,2018-01-01 2021-12-31,20261001T1334Z,2026-10-01T13:36:10+00:00,25,23,20261002T1342Z,2026-10-02T13:44:36+00:00,25,16
レチノール,ingredient,,2022-01-01 2025-12-31,2018-01-01 2021-12-31,20261001T1334Z,2026-10-01T13:36:17+00:00,25,25,20261002T1342Z,2026-10-02T13:44:44+00:00,25,25
レチナール,ingredient,,2022-01-01 2025-12-31,2018-01-01 2021-12-31,20261001T1334Z,2026-10-01T13:36:25+00:00,10,5,20261002T1342Z,2026-10-02T13:44:52+00:00,11,6
ヒアルロン酸,ingredient,,2022-01-01 2025-12-31,2018-01-01 2021-12-31,20261001T1334Z,2026-10-01T13:36:32+00:00,25,22,20261002T1342Z,2026-10-02T13:44:59+00:00,25,23
セラミド,ingredient,,2022-01-01 2025-12-31,2018-01-01 2021-12-31,20261001T1334Z,2026-10-01T13:36:40+00:00,25,25,20261002T1342Z,2026-10-02T13:45:07+00:00,25,25
ビタミンC 美容,ingredient,,2022-01-01 2025-12-31,2018-01-01 2021-12-31,20261001T1334Z,2026-10-01T13:36:48+00:00,0,0,20261002T1342Z,2026-10-02T13:45:15+00:00,0,0
トラネキサム酸,ingredient,,2022-01-01 2025-12-31,2018-01-01 2021-12-31,20261001T1334Z,2026-10-01T13:36:55+00:00,2,0,20261002T1342Z,2026-10-02T13:45:23+00:00,18,9
グルタチオン,ingredient,,2022-01-01 2025-12-31,2018-01-01 2021-12-31,20261001T1334Z,2026-10-01T13:37:03+00:00,25,25,20261002T1342Z,2026-10-02T13:45:30+00:00,25,25
アゼライン酸,ingredient,,2022-01-01 2025-12-31,2018-01-01 2021-12-31,20261001T1334Z,2026-10-01T13:37:11+00:00,25,23,20261002T1342Z,2026-10-02T13:45:37+00:00,25,25
エクソソーム,ingredient,,2022-01-01 2025-12-31,2018-01-01 2021-12-31,20261001T1334Z,2026-10-01T13:37:18+00:00,25,25,20261002T1342Z,2026-10-02T13:45:44+00:00,25,25
