seed,seed_group,side,kind,query,rank_1,value_1,breakout_1,rank_2,value_2,breakout_2,excluded
スキンケア,category,skincare,rising,乾燥 さん 保湿 力 スキンケア 下地,1,26250,1,4,7100,1,
スキンケア,category,skincare,rising,白い あさがお 皮ふ 科 スキンケア クリニック,2,10600,1,1,10500,1,clinic
スキンケア,category,skincare,rising,山内 皮ふ 科 スキンケア クリニック,3,8050,1,2,8000,1,clinic
スキンケア,category,skincare,rising,渋谷 内科 スキンケア クリニック,4,7350,1,3,7400,1,clinic
スキンケア,category,skincare,rising,バロン スキンケア,5,3550,0,5,3950,0,
スキンケア,category,skincare,rising,megumi スキンケア,6,2900,0,6,3500,0,
スキンケア,category,skincare,rising,調布 スキンケア クリニック,7,2400,0,7,2450,0,clinic
スキンケア,category,skincare,rising,韓国 コスメ 人気 スキンケア 50 代,8,2250,0,8,1600,0,
スキンケア,category,skincare,rising,資生堂 スキンケア パウダー,9,300,0,9,300,0,
スキンケア,category,skincare,rising,トラベル セット スキンケア,10,150,0,10,140,0,
スキンケア,category,skincare,rising,コスメ デコルテ スキンケア,11,140,0,11,130,0,
スキンケア,category,skincare,rising,コスメ デコルテ,12,130,0,12,130,0,
スキンケア,category,skincare,rising,朝 スキンケア 順番,13,130,0,13,120,0,
スキンケア,category,skincare,rising,花粉 肌荒れ スキンケア,14,120,0,14,120,0,
スキンケア,category,skincare,rising,スキンケア 順番 夜,15,120,0,15,110,0,
スキンケア,category,skincare,rising,脂性 肌 スキンケア,16,110,0,18,110,0,
スキンケア,category,skincare,rising,スキンケア 順番 パック,17,110,0,17,110,0,
スキンケア,category,skincare,rising,メラノ cc,18,110,0,21,100,0,
スキンケア,category,skincare,rising,スキンケア 順番 メンズ,19,110,0,19,100,0,
スキンケア,category,skincare,rising,脂性 肌,20,110,0,16,110,0,
スキンケア,category,skincare,rising,ぎおん 皮膚 科 婦人 科 スキンケア クリニック,21,90,0,22,80,0,clinic
スキンケア,category,skincare,rising,たけだ 皮膚 科 スキンケア クリニック,22,90,0,23,80,0,clinic
スキンケア,category,skincare,rising,インナー ドライ スキンケア,23,80,0,20,100,0,
スキンケア,category,skincare,rising,開き 毛穴 スキンケア,25,70,0,24,70,0,
スキンケア,category,skincare,top,スキンケア クリニック,2,83,0,2,85,0,clinic
スキンケア,category,skincare,top,化粧 水,3,78,0,4,72,0,
スキンケア,category,skincare,top,スキンケア クリーム,5,71,0,5,67,0,
スキンケア,category,skincare,top,スキンケア 順番,6,68,0,6,66,0,
スキンケア,category,skincare,top,ニキビ スキンケア,7,61,0,7,65,0,
スキンケア,category,skincare,top,韓国 スキンケア,8,45,0,8,44,0,
スキンケア,category,skincare,top,スキンケア セット,9,42,0,10,40,0,
スキンケア,category,skincare,top,美容 液,10,41,0,9,40,0,
スキンケア,category,skincare,top,毛穴 スキンケア,11,39,0,11,39,0,
スキンケア,category,skincare,top,乾燥 肌,12,38,0,14,34,0,
スキンケア,category,skincare,top,乾燥 肌 スキンケア,13,36,0,13,35,0,
スキンケア,category,skincare,top,スキンケア パウダー,14,36,0,12,36,0,
スキンケア,category,skincare,top,スキンケア プレゼント,15,33,0,15,32,0,
スキンケア,category,skincare,top,無印 スキンケア,16,27,0,16,28,0,
スキンケア,category,skincare,top,スキンケア ランキング,17,26,0,19,24,0,
スキンケア,category,skincare,top,クレンジング,18,23,0,20,24,0,
スキンケア,category,skincare,top,スキンケア オイル,19,23,0,18,24,0,
スキンケア,category,skincare,top,男性 スキンケア,20,22,0,17,24,0,
スキンケア,category,skincare,top,肌荒れ スキンケア,21,22,0,22,22,0,
スキンケア,category,skincare,top,スキンケア ブランド,22,21,0,21,22,0,
スキンケア,category,skincare,top,敏感 肌 スキンケア,23,21,0,23,21,0,
スキンケア,category,skincare,top,スキンケア オールインワン,24,19,0,24,19,0,
化粧水,category,skincare,rising,乾燥 さん 化粧 水,1,3550,0,1,3950,0,
化粧水,category,skincare,rising,アヌア 化粧 水,2,1750,0,2,1750,0,
化粧水,category,skincare,rising,ナイアシン アミド 化粧 水,3,900,0,3,850,0,
化粧水,category,skincare,rising,ソフィーナ ip 化粧 水,4,450,0,4,500,0,
化粧水,category,skincare,rising,トゥベール 化粧 水,5,400,0,5,400,0,
化粧水,category,skincare,rising,シカ 化粧 水,6,200,0,7,200,0,
化粧水,category,skincare,rising,トラネキサム 酸,7,200,0,8,200,0,
化粧水,category,skincare,rising,白潤,8,190,0,6,200,0,
化粧水,category,skincare,rising,松山 油脂 化粧 水,9,170,0,9,180,0,
化粧水,category,skincare,rising,脂性 肌 化粧 水,10,80,0,10,80,0,
化粧水,category,skincare,rising,化粧 水 乳液 順番,11,80,0,11,80,0,
化粧水,category,skincare,rising,化粧 水 順番,12,70,0,13,70,0,
化粧水,category,skincare,top,化粧 水,1,100,0,1,100,0,
化粧水,category,skincare,top,化粧 水 おすすめ,2,6,0,2,6,0,
化粧水,category,skincare,top,無印 化粧 水,3,6,0,4,6,0,
化粧水,category,skincare,top,化粧 水 乳液,4,6,0,5,5,0,
化粧水,category,skincare,top,乳液,5,5,0,3,6,0,
化粧水,category,skincare,top,ニキビ 化粧 水,6,4,0,6,4,0,
化粧水,category,skincare,top,拭き取り 化粧 水,7,4,0,7,4,0,
化粧水,category,skincare,top,化粧 水 ランキング,8,3,0,8,3,0,
化粧水,category,skincare,top,ハトムギ 化粧 水,9,3,0,9,3,0,
化粧水,category,skincare,top,化粧 水 メンズ,10,3,0,10,3,0,
化粧水,category,skincare,top,保湿 化粧 水,11,3,0,11,3,0,
化粧水,category,skincare,top,美白 化粧 水,12,2,0,12,3,0,
化粧水,category,skincare,top,イプサ 化粧 水,13,2,0,14,2,0,
化粧水,category,skincare,top,無印 良品,14,2,0,16,2,0,
化粧水,category,skincare,top,無印 良品 化粧 水,15,2,0,15,2,0,
化粧水,category,skincare,top,イプサ,16,2,0,13,2,0,
化粧水,category,skincare,top,毛穴 化粧 水,17,2,0,17,2,0,
化粧水,category,skincare,top,キュレル 化粧 水,18,2,0,18,2,0,
化粧水,category,skincare,top,キュレル,19,2,0,19,2,0,
化粧水,category,skincare,top,化粧 水 順番,20,2,0,20,2,0,
化粧水,category,skincare,top,化粧 水 使い方,21,2,0,21,2,0,
化粧水,category,skincare,top,敏感 肌 化粧 水,22,2,0,22,2,0,
化粧水,category,skincare,top,ミスト 化粧 水,23,2,0,23,2,0,
化粧水,category,skincare,top,エリクシール 化粧 水,25,2,0,24,2,0,
美容液,category,skincare,rising,無印 発酵 導入 美容 液,1,49100,1,1,49650,1,
美容液,category,skincare,rising,カタン 美容 液,2,28550,1,3,29550,1,
美容液,category,skincare,rising,発酵 導入 美容 液,3,23350,1,2,39650,1,
美容液,category,skincare,rising,アヌア 美容 液,4,18700,1,4,18450,1,
美容液,category,skincare,rising,ダーマ レーザー 美容 液,5,16250,1,5,17550,1,
美容液,category,skincare,rising,キヌイ 美容 液,6,14850,1,6,15000,1,
美容液,category,skincare,rising,アゼライン 酸,7,12500,1,8,10850,1,
美容液,category,skincare,rising,アゼライン 酸 美容 液,8,11650,1,9,10350,1,
美容液,category,skincare,rising,ソフィーナ ip ハリ 弾力 注入 美容 液,9,11450,1,7,11450,1,
美容液,category,skincare,rising,ユンス 美容 液,10,8350,1,10,8200,1,
美容液,category,skincare,rising,yunth 美容 液,11,7850,1,11,8000,1,
美容液,category,skincare,rising,トリデン 美容 液,12,5600,1,12,5800,1,
美容液,category,skincare,rising,コスノリ まつ毛 美容 液,13,5100,1,13,4650,0,
美容液,category,skincare,rising,リジュラン 美容 液,14,3500,0,14,4200,0,
美容液,category,skincare,rising,haku 日 中 美白 美容 液,15,3050,0,15,3600,0,
美容液,category,skincare,rising,メディ キューブ 美容 液,16,2950,0,16,3250,0,
美容液,category,skincare,rising,リア ラスター 美容 液,17,2400,0,17,2200,0,
美容液,category,skincare,rising,ウモア まつ毛 美容 液,18,1050,0,18,1050,0,
美容液,category,skincare,rising,ナイアシン アミド,19,750,0,19,700,0,
美容液,category,skincare,rising,レチノール,20,650,0,20,650,0,
美容液,category,skincare,rising,レチノール 美容 液,21,600,0,21,650,0,
美容液,category,skincare,rising,ソフィーナ ip,22,250,0,22,250,0,
美容液,category,skincare,rising,デコルテ 美容 液,23,190,0,23,180,0,
美容液,category,skincare,rising,コスメ デコルテ,24,130,0,24,120,0,
美容液,category,skincare,top,美容 液,1,100,0,1,100,0,
美容液,category,skincare,top,まつ毛 美容 液,2,13,0,2,14,0,
美容液,category,skincare,top,まつげ 美容 液,3,11,0,3,11,0,
美容液,category,skincare,top,おすすめ 美容 液,4,6,0,4,6,0,
美容液,category,skincare,top,美容 液 ランキング,5,5,0,5,5,0,
美容液,category,skincare,top,化粧 水,6,5,0,6,5,0,
美容液,category,skincare,top,導入 美容 液,7,4,0,8,4,0,
美容液,category,skincare,top,美白 美容 液,8,4,0,7,4,0,
美容液,category,skincare,top,ビタミン c 美容 液,9,3,0,10,3,0,
美容液,category,skincare,top,ビタミン c,10,3,0,9,3,0,
美容液,category,skincare,top,美容 液 使い方,11,3,0,11,3,0,
美容液,category,skincare,top,美容 液 と は,12,3,0,12,3,0,
美容液,category,skincare,top,無印 美容 液,13,3,0,14,3,0,
美容液,category,skincare,top,毛穴 美容 液,14,3,0,13,3,0,
美容液,category,skincare,top,デコルテ 美容 液,15,2,0,15,2,0,
美容液,category,skincare,top,メラノ cc,16,2,0,17,2,0,
美容液,category,skincare,top,メラノ cc 美容 液,17,2,0,16,2,0,
美容液,category,skincare,top,シミ 美容 液,18,2,0,18,2,0,
美容液,category,skincare,top,レチノール,19,2,0,19,2,0,
美容液,category,skincare,top,レチノール 美容 液,20,2,0,20,2,0,
美容液,category,skincare,top,韓国 美容 液,21,2,0,21,2,0,
美容液,category,skincare,top,アヌア 美容 液,22,2,0,22,2,0,
美容液,category,skincare,top,資生堂 美容 液,23,2,0,23,2,0,
美容液,category,skincare,top,コスメ デコルテ,24,1,0,25,1,0,
美容液,category,skincare,top,コスメ デコルテ 美容 液,25,1,0,24,1,0,
乳液,category,skincare,rising,フラルネ 乳液,1,55900,1,1,55250,1,
乳液,category,skincare,rising,ケアセラ 先行 乳液,2,51850,1,2,51450,1,
乳液,category,skincare,rising,ウルミナプラス おしろい 乳液,3,31100,1,4,11650,1,
乳液,category,skincare,rising,キュレル 乳液 ケア メイク 落とし,4,26700,1,3,26450,1,
乳液,category,skincare,rising,メラノ cc uv 乳液,5,3450,0,5,3950,0,
乳液,category,skincare,rising,アヌア 化粧 水,6,2900,0,6,2550,0,
乳液,category,skincare,rising,アヌア 乳液,7,2550,0,7,2500,0,
乳液,category,skincare,rising,極 潤 エイジング ケア 乳液,8,1100,0,8,1150,0,
乳液,category,skincare,rising,トゥベール 乳液,9,550,0,9,500,0,
乳液,category,skincare,rising,なめらか 本舗 リンクル uv 乳液,10,450,0,10,450,0,
乳液,category,skincare,rising,メラノ cc 乳液,11,300,0,13,300,0,
乳液,category,skincare,rising,ケアセラ 乳液,12,300,0,12,300,0,
乳液,category,skincare,rising,カルテ hd 乳液,13,300,0,11,300,0,
乳液,category,skincare,rising,先行 乳液,14,180,0,14,200,0,
乳液,category,skincare,rising,白潤 プレミアム 乳液,15,180,0,15,190,0,
乳液,category,skincare,rising,白潤,16,160,0,17,150,0,
乳液,category,skincare,rising,デコルテ 乳液,17,160,0,18,150,0,
乳液,category,skincare,rising,白潤 乳液,18,150,0,16,170,0,
乳液,category,skincare,rising,ビオレ 濡れ た まま 乳液,19,140,0,20,140,0,
乳液,category,skincare,rising,シカ 乳液,20,120,0,19,140,0,
乳液,category,skincare,rising,脂性 肌 乳液,21,110,0,24,100,0,
乳液,category,skincare,rising,松山 油脂 乳液,22,110,0,22,110,0,
乳液,category,skincare,rising,乳液 クリーム どっち,23,100,0,23,100,0,
乳液,category,skincare,rising,極 潤 プレミアム 乳液,24,100,0,25,100,0,
乳液,category,skincare,top,化粧 水,2,100,0,2,94,0,
乳液,category,skincare,top,乳液 クリーム,3,47,0,3,43,0,
乳液,category,skincare,top,無印 乳液,5,24,0,6,22,0,
乳液,category,skincare,top,美容 液,6,24,0,5,23,0,
乳液,category,skincare,top,保湿 乳液,7,21,0,7,21,0,
乳液,category,skincare,top,乳液 ランキング,8,20,0,8,20,0,
乳液,category,skincare,top,キュレル,10,17,0,11,17,0,
乳液,category,skincare,top,スキンケア,11,17,0,12,16,0,
乳液,category,skincare,top,メンズ 乳液,12,16,0,13,16,0,
乳液,category,skincare,top,キュレル 乳液,13,16,0,10,18,0,
乳液,category,skincare,top,乳液 日焼け 止め,14,15,0,14,15,0,
乳液,category,skincare,top,乳液 洗顔,15,15,0,15,14,0,
乳液,category,skincare,top,乳液 と 化粧 水,16,14,0,16,14,0,
乳液,category,skincare,top,美白 乳液,17,13,0,17,13,0,
乳液,category,skincare,top,uv 乳液,18,13,0,18,12,0,
乳液,category,skincare,top,アルビオン,19,12,0,20,12,0,
乳液,category,skincare,top,アルビオン 乳液,20,12,0,19,12,0,
乳液,category,skincare,top,エリクシール 乳液,21,12,0,21,11,0,
乳液,category,skincare,top,化粧 水 乳液 おすすめ,23,11,0,22,11,0,
乳液,category,skincare,top,化粧 水 おすすめ,24,11,0,24,10,0,
洗顔,category,skincare,rising,シカリ 洗顔,1,47850,1,1,34250,1,
洗顔,category,skincare,rising,ファンケル 泥 ジェル 洗顔,2,27100,1,2,27050,1,
洗顔,category,skincare,rising,ビオレ 洗顔 ジェル 炭,3,23200,1,3,22450,1,
洗顔,category,skincare,rising,メラノ cc ディープ クリア 酵素 洗顔,4,14050,1,4,14150,1,
洗顔,category,skincare,rising,シロル 洗顔,5,4000,0,5,3650,0,
洗顔,category,skincare,rising,メラノ cc 酵素 洗顔,6,1150,0,6,1150,0,
洗顔,category,skincare,rising,est 洗顔,7,1050,0,7,1100,0,
洗顔,category,skincare,rising,メラノ cc 洗顔,8,1000,0,9,950,0,
洗顔,category,skincare,rising,メラノ cc,9,1000,0,10,950,0,
洗顔,category,skincare,rising,ワンバイ コーセー 洗顔,10,1000,0,8,1000,0,
洗顔,category,skincare,rising,メラノ シーシー 洗顔,11,800,0,11,750,0,
洗顔,category,skincare,rising,ソフィーナ ip 洗顔,12,600,0,12,500,0,
洗顔,category,skincare,rising,サロニア 洗顔 ブラシ,13,500,0,13,450,0,
洗顔,category,skincare,rising,cica 洗顔,14,400,0,14,400,0,
洗顔,category,skincare,rising,choi 洗顔,15,300,0,15,300,0,
洗顔,category,skincare,rising,ロゼット 洗顔 パスタ どれがいい,16,250,0,16,250,0,
洗顔,category,skincare,rising,洗顔 おすすめ ドラッグ ストア,17,250,0,17,250,0,
洗顔,category,skincare,rising,ゼオスキン 洗顔,18,180,0,19,180,0,
洗顔,category,skincare,rising,キュレル 泡 洗顔,19,180,0,18,180,0,
洗顔,category,skincare,rising,カネボウ 洗顔,20,170,0,20,150,0,
洗顔,category,skincare,rising,ビオレ 泡 洗顔,21,120,0,21,110,0,
洗顔,category,skincare,rising,ラゴム 洗顔,22,110,0,23,100,0,
洗顔,category,skincare,rising,アクネス 洗顔,23,100,0,24,100,0,
洗顔,category,skincare,rising,豆乳 イソフラボン 洗顔,24,90,0,22,100,0,
洗顔,category,skincare,top,クレンジング 洗顔,2,84,0,3,79,0,
洗顔,category,skincare,top,クレンジング,3,82,0,2,83,0,
洗顔,category,skincare,top,洗顔 ニキビ,4,60,0,4,61,0,
洗顔,category,skincare,top,酵素 洗顔,5,54,0,5,59,0,
洗顔,category,skincare,top,洗顔 フォーム,6,53,0,7,52,0,
洗顔,category,skincare,top,洗顔 メンズ,9,44,0,9,47,0,
洗顔,category,skincare,top,ビオレ 洗顔,10,42,0,12,41,0,
洗顔,category,skincare,top,ビオレ,11,40,0,11,41,0,
洗顔,category,skincare,top,洗顔 石鹸,12,39,0,10,43,0,
洗顔,category,skincare,top,洗顔 ランキング,13,35,0,13,36,0,
洗顔,category,skincare,top,ロゼット 洗顔,14,25,0,15,26,0,
洗顔,category,skincare,top,ロゼット,15,24,0,14,26,0,
洗顔,category,skincare,top,メラノ cc 洗顔,16,24,0,17,23,0,
洗顔,category,skincare,top,メラノ cc,17,23,0,18,23,0,
洗顔,category,skincare,top,ファンケル,18,23,0,16,24,0,
洗顔,category,skincare,top,ファンケル 洗顔,19,23,0,20,22,0,
洗顔,category,skincare,top,無印 洗顔,20,23,0,19,22,0,
洗顔,category,skincare,top,洗顔 ブラシ,21,19,0,22,19,0,
洗顔,category,skincare,top,スクラブ 洗顔,22,18,0,21,19,0,
洗顔,category,skincare,top,スクラブ,23,18,0,23,18,0,
洗顔,category,skincare,top,洗顔 パスタ,24,17,0,24,18,0,
メイク,category,makeup,rising,エルデン リング キャラ メイク,1,7300,1,1,7700,1,game
メイク,category,makeup,rising,メイク アガール,2,4200,0,2,4050,0,drama
メイク,category,makeup,rising,ウェイク メイク アイ シャドウ,3,4150,0,3,3800,0,
メイク,category,makeup,rising,kose メイク キープ パウダー,4,3600,0,5,3300,0,
メイク,category,makeup,rising,ドラゴンズ ドグマ 2 キャラ メイク,5,3500,0,4,3750,0,game
メイク,category,makeup,rising,メイク キープ パウダー,6,2150,0,7,2150,0,
メイク,category,makeup,rising,白湯 メイク,7,2100,0,6,2200,0,
メイク,category,makeup,rising,ウェイク メイク,8,1950,0,8,1950,0,
メイク,category,makeup,rising,キャン メイク セーラームーン,9,1800,0,9,1650,0,
メイク,category,makeup,rising,キャン メイク 涙 袋 コンシーラー,10,1500,0,10,1450,0,
メイク,category,makeup,rising,メイク キープ ミスト おすすめ,11,950,0,11,850,0,
メイク,category,makeup,rising,kose メイク キープ ミスト,12,600,0,12,500,0,
メイク,category,makeup,rising,メイク キープ ミスト,13,450,0,13,500,0,
メイク,category,makeup,rising,ロムアンド アイ シャドウ,14,450,0,16,400,0,
メイク,category,makeup,rising,ロムアンド,15,450,0,14,450,0,
メイク,category,makeup,rising,キャン メイク クリーミー タッチ ライナー,16,400,0,15,400,0,
メイク,category,makeup,rising,ヒロイン メイク まつげ 美容 液,17,400,0,17,400,0,
メイク,category,makeup,rising,スマホ フリー メイク,18,300,0,18,300,0,
メイク,category,makeup,rising,コーセー メイク キープ ミスト,19,300,0,19,300,0,
メイク,category,makeup,rising,リップ アート メイク,20,300,0,20,300,0,cosmetic_treatment
メイク,category,makeup,rising,キャン メイク リップス クラブ,21,250,0,21,250,0,
メイク,category,makeup,rising,キャン メイク 涙 袋,22,250,0,22,250,0,
メイク,category,makeup,rising,ヒロイン メイク マスカラ リムーバー,23,200,0,23,200,0,
メイク,category,makeup,rising,メイク アップ ソリューション,24,200,0,24,200,0,
メイク,category,makeup,top,キャン メイク,1,100,0,1,100,0,
メイク,category,makeup,top,アイ メイク,2,57,0,2,58,0,
メイク,category,makeup,top,アート メイク,3,47,0,3,50,0,cosmetic_treatment
メイク,category,makeup,top,メイク アップ,4,36,0,4,37,0,
メイク,category,makeup,top,メイク 落とし,5,29,0,5,28,0,
メイク,category,makeup,top,アイ シャドウ,6,26,0,6,28,0,
メイク,category,makeup,top,キャラ メイク,7,26,0,7,26,0,game
メイク,category,makeup,top,メイク ブラシ,8,21,0,8,20,0,
メイク,category,makeup,top,韓国 メイク,9,15,0,9,15,0,
メイク,category,makeup,top,ベース メイク,10,13,0,12,12,0,
メイク,category,makeup,top,ヒロイン メイク,11,13,0,11,12,0,
メイク,category,makeup,top,セザンヌ,12,13,0,10,13,0,
メイク,category,makeup,top,キャン メイク アイ シャドウ,13,12,0,13,11,0,
メイク,category,makeup,top,キャン メイク パウダー,14,11,0,16,10,0,
メイク,category,makeup,top,メイク キープ ミスト,15,10,0,14,11,0,
メイク,category,makeup,top,アイ ライナー,16,10,0,17,10,0,
メイク,category,makeup,top,ファンデーション,17,10,0,18,10,0,
メイク,category,makeup,top,メンズ メイク,18,10,0,15,11,0,
メイク,category,makeup,top,アート メイク 眉毛,19,10,0,20,10,0,cosmetic_treatment
メイク,category,makeup,top,メイク ポーチ,20,9,0,19,10,0,
メイク,category,makeup,top,ボディ メイク,21,9,0,22,9,0,other
メイク,category,makeup,top,メイク ボックス,22,9,0,21,9,0,
メイク,category,makeup,top,キャン メイク ネイル,24,8,0,25,8,0,
ファンデーション,category,makeup,rising,資生堂 エッセンス スキン グロウ ファンデーション,1,33050,1,1,32650,1,
ファンデーション,category,makeup,rising,vim ファンデーション,2,28800,1,2,22850,1,
ファンデーション,category,makeup,rising,ウォン ジョン ヨ ファンデーション,3,20050,1,3,21900,1,
ファンデーション,category,makeup,rising,エッセンス スキン グロウ ファンデーション,4,17050,1,4,17850,1,
ファンデーション,category,makeup,rising,ティルティル,5,8300,1,5,7800,1,
ファンデーション,category,makeup,rising,プロシア ファンデーション,6,8000,1,6,4650,0,
ファンデーション,category,makeup,rising,nars ライト リフレク ティング ファンデーション,7,4050,0,7,3400,0,
ファンデーション,category,makeup,rising,ヒンス ファンデーション,8,700,0,8,750,0,
ファンデーション,category,makeup,rising,リンクル カバー ファンデーション,9,550,0,9,550,0,
ファンデーション,category,makeup,rising,薬用 リンクル カバー ファンデーション,10,450,0,10,400,0,
ファンデーション,category,makeup,rising,v3 ファンデーション 危ない,11,400,0,11,400,0,
ファンデーション,category,makeup,rising,パーフェクト ワン ファンデーション,12,300,0,14,300,0,
ファンデーション,category,makeup,rising,マリリン ファンデーション,13,250,0,13,300,0,
ファンデーション,category,makeup,rising,vdl ファンデーション,14,250,0,12,300,0,
ファンデーション,category,makeup,rising,フィット ミー リキッド ファンデーション,15,200,0,15,190,0,
ファンデーション,category,makeup,rising,メイベリン ファンデーション,16,140,0,16,160,0,
ファンデーション,category,makeup,rising,資生堂 ファンデーション ブラシ,17,130,0,18,120,0,
ファンデーション,category,makeup,rising,メイベリン リキッド ファンデーション,18,130,0,19,120,0,
ファンデーション,category,makeup,rising,クレドポー ボーテ ファンデーション,19,120,0,17,120,0,
ファンデーション,category,makeup,rising,dior ファンデーション,20,90,0,21,100,0,
ファンデーション,category,makeup,rising,デコルテ ファンデーション,21,90,0,20,100,0,
ファンデーション,category,makeup,rising,脂性 肌 ファンデーション,23,80,0,25,70,0,
ファンデーション,category,makeup,rising,ファシオ ファンデーション,24,80,0,23,90,0,
ファンデーション,category,makeup,top,リキッド ファンデーション,1,100,0,1,100,0,
ファンデーション,category,makeup,top,パウダー ファンデーション,2,93,0,2,89,0,
ファンデーション,category,makeup,top,クッション ファンデーション,3,71,0,3,72,0,
ファンデーション,category,makeup,top,ファンデーション おすすめ,4,66,0,4,64,0,
ファンデーション,category,makeup,top,クリーム ファンデーション,5,44,0,6,40,0,
ファンデーション,category,makeup,top,資生堂 ファンデーション,6,43,0,5,42,0,
ファンデーション,category,makeup,top,ファンデーション ランキング,7,41,0,8,36,0,
ファンデーション,category,makeup,top,クッション ファンデ,8,37,0,7,36,0,
ファンデーション,category,makeup,top,プチプラ ファンデーション,9,35,0,9,32,0,
ファンデーション,category,makeup,top,マキアージュ ファンデーション,10,32,0,10,31,0,
ファンデーション,category,makeup,top,マキアージュ,11,31,0,11,31,0,
ファンデーション,category,makeup,top,v3 ファンデーション,12,30,0,12,31,0,
ファンデーション,category,makeup,top,ファンデーション ブラシ,13,28,0,13,28,0,
ファンデーション,category,makeup,top,ミネラル ファンデーション,15,24,0,16,22,0,
ファンデーション,category,makeup,top,40 代 ファンデーション,16,22,0,15,22,0,
ファンデーション,category,makeup,top,メイベリン ファンデーション,18,20,0,17,21,0,
ファンデーション,category,makeup,top,ディオール ファンデーション,19,20,0,19,19,0,
ファンデーション,category,makeup,top,ファンデーション カバー 力,20,18,0,22,18,0,
ファンデーション,category,makeup,top,デコルテ ファンデーション,21,18,0,20,18,0,
ファンデーション,category,makeup,top,rmk ファンデーション,22,18,0,21,18,0,
ファンデーション,category,makeup,top,韓国 ファンデーション,23,15,0,23,15,0,
口紅,category,makeup,rising,先輩 その 口紅 塗ら ない で キャスト ex,1,8950,1,1,8450,1,drama
口紅,category,makeup,rising,先輩 その 口紅 塗ら ない で 全 何 話,2,8050,1,2,8300,1,drama
口紅,category,makeup,rising,先輩 その 口紅 塗ら ない で あらすじ 最終 回,3,6350,1,8,2200,0,drama
口紅,category,makeup,rising,先輩 その 口紅 塗ら ない で 相関 図,4,3750,0,4,2950,0,drama
口紅,category,makeup,rising,先輩 その 口紅 塗ら ない で キャスト,5,3000,0,3,3050,0,drama
口紅,category,makeup,rising,その 口紅 塗ら ない で,6,2700,0,5,2750,0,drama
口紅,category,makeup,rising,先輩 その 口紅 塗ら ない で,7,2500,0,6,2700,0,drama
口紅,category,makeup,rising,先輩 その 口紅 塗ら ない で あらすじ,8,2500,0,7,2500,0,drama
口紅,category,makeup,rising,その 口紅 を 塗ら ない で,9,1900,0,9,1900,0,drama
口紅,category,makeup,rising,韓国 ドラマ 先輩 その 口紅 塗ら ない で,10,1600,0,10,1550,0,drama
口紅,category,makeup,rising,リップ モンスター,11,1400,0,11,1400,0,
口紅,category,makeup,rising,先輩 その 口紅 塗ら ない で 配信,12,1250,0,12,1400,0,drama
口紅,category,makeup,rising,先輩 その 口紅 塗ら ない で 感想,13,850,0,13,750,0,drama
口紅,category,makeup,rising,先輩 その 口紅 塗ら ない で netflix,14,600,0,14,650,0,drama
口紅,category,makeup,rising,ソーナンス 口紅,15,250,0,15,300,0,game
口紅,category,makeup,rising,グロス と は 口紅,16,250,0,16,250,0,
口紅,category,makeup,rising,グロス と は,17,250,0,17,250,0,
口紅,category,makeup,rising,口紅 捨て 方,18,200,0,18,200,0,
口紅,category,makeup,rising,口紅 グラス,19,200,0,19,200,0,
口紅,category,makeup,rising,口紅 水仙,20,190,0,20,180,0,other
口紅,category,makeup,rising,口紅 王子,21,190,0,23,170,0,
口紅,category,makeup,rising,残像 に 口紅 を あらすじ,22,180,0,21,180,0,other
口紅,category,makeup,rising,ロムアンド 口紅,23,160,0,24,160,0,
口紅,category,makeup,rising,タール 色素 不 使用 口紅,24,150,0,22,180,0,
口紅,category,makeup,rising,ラッツ & スター t シャツ に 口紅,25,150,0,25,150,0,other
口紅,category,makeup,top,リップ,1,100,0,1,100,0,
口紅,category,makeup,top,その 口紅 塗ら ない で,2,61,0,2,63,0,drama
口紅,category,makeup,top,先輩 その 口紅 塗ら ない で,3,56,0,3,60,0,drama
口紅,category,makeup,top,口紅 人気,5,24,0,5,24,0,
口紅,category,makeup,top,口紅 ランキング,6,21,0,6,22,0,
口紅,category,makeup,top,口紅 おすすめ,7,20,0,8,20,0,
口紅,category,makeup,top,残像 に 口紅 を,8,20,0,9,19,0,other
口紅,category,makeup,top,シャネル 口紅,9,19,0,7,20,0,
口紅,category,makeup,top,ディオール 口紅,10,15,0,10,16,0,
口紅,category,makeup,top,ディオール,11,15,0,11,16,0,
口紅,category,makeup,top,リップ モンスター,12,12,0,12,13,0,
口紅,category,makeup,top,イエベ 口紅,13,12,0,17,12,0,
口紅,category,makeup,top,プチプラ 口紅,14,12,0,13,12,0,
口紅,category,makeup,top,ブルベ 口紅,15,12,0,14,12,0,
口紅,category,makeup,top,ちふれ,17,12,0,16,12,0,
口紅,category,makeup,top,ちふれ 口紅,18,11,0,15,12,0,
口紅,category,makeup,top,サン ローラン 口紅,19,11,0,19,11,0,
口紅,category,makeup,top,口紅 落とし 方,20,11,0,18,11,0,
口紅,category,makeup,top,dior 口紅,21,10,0,20,10,0,
口紅,category,makeup,top,先輩 その 口紅 塗ら ない で キャスト,22,9,0,21,9,0,drama
口紅,category,makeup,top,口紅 プレゼント,23,8,0,22,8,0,
口紅,category,makeup,top,セザンヌ 口紅,24,7,0,24,7,0,
アイシャドウ,category,makeup,rising,ウォン ジョン ヨ,1,54150,1,1,58300,1,
アイシャドウ,category,makeup,rising,ウォン ジョン ヨ アイ シャドウ,2,52650,1,2,52200,1,
アイシャドウ,category,makeup,rising,2an アイ シャドウ,4,6000,1,4,5550,1,
アイシャドウ,category,makeup,rising,セザンヌ ベージュ トーン アイ シャドウ,5,5750,1,3,7050,1,
アイシャドウ,category,makeup,rising,ウェイク メイク アイ シャドウ,6,4750,0,5,5200,1,
アイシャドウ,category,makeup,rising,インウイ アイ シャドウ,7,3800,0,6,3700,0,
アイシャドウ,category,makeup,rising,wakemake アイ シャドウ,8,2200,0,7,2250,0,
アイシャドウ,category,makeup,rising,パーフェクト ダイアリー アイ シャドウ,9,1850,0,8,1700,0,
アイシャドウ,category,makeup,rising,スナイデル アイ シャドウ,10,1450,0,9,1400,0,
アイシャドウ,category,makeup,rising,デイジーク アイ シャドウ,11,450,0,11,450,0,
アイシャドウ,category,makeup,rising,フラワー ノーズ アイ シャドウ,12,450,0,12,400,0,
アイシャドウ,category,makeup,rising,ヒンス アイ シャドウ,13,250,0,13,250,0,
アイシャドウ,category,makeup,rising,ロムアンド アイ シャドウ,14,200,0,14,200,0,
アイシャドウ,category,makeup,rising,ロムアンド,15,200,0,15,200,0,
アイシャドウ,category,makeup,rising,アイムミミ アイ シャドウ,16,200,0,16,200,0,
アイシャドウ,category,makeup,rising,dasique アイ シャドウ,17,150,0,17,140,0,
アイシャドウ,category,makeup,rising,イエベ アイ シャドウ,18,70,0,18,60,0,
アイシャドウ,category,makeup,rising,セザンヌ アイ シャドウ,19,60,0,19,50,0,
アイシャドウ,category,makeup,top,アイ シャドウ,1,100,0,1,100,0,
アイシャドウ,category,makeup,top,アイ シャドウ パレット,2,9,0,2,9,0,
アイシャドウ,category,makeup,top,ブルベ アイ シャドウ,3,5,0,3,6,0,
アイシャドウ,category,makeup,top,イエベ アイ シャドウ,4,4,0,5,4,0,
アイシャドウ,category,makeup,top,キャン メイク アイ シャドウ,5,4,0,4,4,0,
アイシャドウ,category,makeup,top,ロムアンド,6,4,0,7,4,0,
アイシャドウ,category,makeup,top,ロムアンド アイ シャドウ,7,4,0,6,4,0,
アイシャドウ,category,makeup,top,セザンヌ アイ シャドウ,8,3,0,8,4,0,
アイシャドウ,category,makeup,top,アイ シャドウ おすすめ,9,3,0,10,3,0,
アイシャドウ,category,makeup,top,アイ シャドウ 人気,10,3,0,11,3,0,
アイシャドウ,category,makeup,top,クリオ アイ シャドウ,11,3,0,9,3,0,
アイシャドウ,category,makeup,top,ピンク アイ シャドウ,12,3,0,12,3,0,
アイシャドウ,category,makeup,top,ルナソル アイ シャドウ,13,3,0,15,3,0,
アイシャドウ,category,makeup,top,ルナソル,14,3,0,13,3,0,
アイシャドウ,category,makeup,top,dior,15,3,0,18,3,0,
アイシャドウ,category,makeup,top,ディオール アイ シャドウ,16,3,0,19,2,0,
アイシャドウ,category,makeup,top,アディクション,17,3,0,16,3,0,
アイシャドウ,category,makeup,top,アディクション アイ シャドウ,18,3,0,14,3,0,
アイシャドウ,category,makeup,top,プチプラ アイ シャドウ,19,3,0,17,3,0,
アイシャドウ,category,makeup,top,単色 アイ シャドウ,20,3,0,20,2,0,
アイシャドウ,category,makeup,top,ケイト アイ シャドウ,21,2,0,21,2,0,
アイシャドウ,category,makeup,top,クリオ アイ シャドウ パレット,22,2,0,22,2,0,
アイシャドウ,category,makeup,top,デイジーク アイ シャドウ,23,1,0,23,1,0,
アイシャドウ,category,makeup,top,ウォン ジョン ヨ,24,1,0,24,1,0,
アイシャドウ,category,makeup,top,ウォン ジョン ヨ アイ シャドウ,25,1,0,25,1,0,
チーク,category,makeup,rising,fwee チーク,1,60100,1,1,70550,1,
チーク,category,makeup,rising,fwee リップ アンド チーク,2,59500,1,3,27300,1,
チーク,category,makeup,rising,シーグラム チーク,3,40300,1,2,40350,1,
チーク,category,makeup,rising,2an チーク,4,35600,1,6,8250,1,
チーク,category,makeup,rising,フィー リップ アンド チーク,5,32450,1,5,9950,1,
チーク,category,makeup,rising,フジコ 水彩 チーク,6,15450,1,4,15400,1,
チーク,category,makeup,rising,インウイ チーク,7,8300,1,7,6600,1,
チーク,category,makeup,rising,デイジーク チーク,8,4900,0,9,4750,0,
チーク,category,makeup,rising,デイジーク,9,4800,0,8,5200,1,
チーク,category,makeup,rising,vdl チーク,10,4300,0,10,4350,0,
チーク,category,makeup,rising,フォレンコス チーク,11,3450,0,12,2250,0,
チーク,category,makeup,rising,フィー チーク,12,2650,0,11,2700,0,
チーク,category,makeup,rising,chanel リップ アンド チーク,13,2650,0,14,2050,0,
チーク,category,makeup,rising,forencos チーク,14,2200,0,15,2000,0,
チーク,category,makeup,rising,シャネル リップ アンド チーク,15,1800,0,13,2200,0,
チーク,category,makeup,rising,彗星 チーク ダンス ちろ る,16,1300,0,16,1300,0,other
チーク,category,makeup,rising,ペリペラ チーク,17,1200,0,17,1250,0,
チーク,category,makeup,rising,彗星 チーク ダンス,18,1100,0,20,1000,0,other
チーク,category,makeup,rising,セザンヌ チーク ブラッシュ,19,1050,0,18,1050,0,
チーク,category,makeup,rising,フラワー ノーズ チーク,20,1000,0,19,1000,0,
チーク,category,makeup,rising,チーク レンズ,21,800,0,21,850,0,
チーク,category,makeup,rising,リリミュウ チーク,22,700,0,22,750,0,
チーク,category,makeup,rising,スナイデル チーク,23,600,0,23,750,0,
チーク,category,makeup,rising,アピュー チーク,24,500,0,24,500,0,
チーク,category,makeup,rising,チーク カラー レンズ,25,500,0,25,500,0,
チーク,category,makeup,top,リップ チーク,1,100,0,1,100,0,
チーク,category,makeup,top,セザンヌ,2,71,0,2,70,0,
チーク,category,makeup,top,セザンヌ チーク,3,68,0,3,69,0,
チーク,category,makeup,top,アイ シャドウ,4,66,0,4,64,0,
チーク,category,makeup,top,クリーム チーク,5,64,0,5,60,0,
チーク,category,makeup,top,キャン メイク,6,63,0,7,58,0,
チーク,category,makeup,top,キャン メイク チーク,7,61,0,6,60,0,
チーク,category,makeup,top,チーク おすすめ,8,51,0,8,52,0,
チーク,category,makeup,top,ブルベ チーク,9,48,0,9,47,0,
チーク,category,makeup,top,チーク ブラシ,10,41,0,10,40,0,
チーク,category,makeup,top,チーク ネイル,11,34,0,11,34,0,
チーク,category,makeup,top,リップ アンド チーク,12,32,0,12,29,0,
チーク,category,makeup,top,チーク 人気,13,30,0,13,29,0,
チーク,category,makeup,top,リキッド チーク,14,29,0,15,27,0,
チーク,category,makeup,top,シャネル,15,28,0,16,27,0,
チーク,category,makeup,top,シャネル チーク,16,27,0,14,28,0,
チーク,category,makeup,top,チーク プチプラ,17,26,0,17,27,0,
チーク,category,makeup,top,dior チーク,18,26,0,19,24,0,
チーク,category,makeup,top,dior,19,25,0,18,26,0,
チーク,category,makeup,top,チーク ランキング,20,25,0,20,24,0,
チーク,category,makeup,top,nars チーク,21,24,0,22,22,0,
チーク,category,makeup,top,ディオール チーク,22,22,0,23,22,0,
チーク,category,makeup,top,ディオール,23,22,0,21,23,0,
チーク,category,makeup,top,アディクション チーク,24,19,0,24,19,0,
チーク,category,makeup,top,キャン メイク クリーム チーク,25,18,0,25,18,0,
日焼け止め,category,sunscreen,rising,by365 日焼け 止め,1,7100,1,1,8050,1,
日焼け止め,category,sunscreen,rising,ビオレ 日焼け 止め ミスト,2,3750,0,2,4500,0,
日焼け止め,category,sunscreen,rising,ダルバ 日焼け 止め,3,2600,0,3,2900,0,
日焼け止め,category,sunscreen,rising,アネッサ 日焼け 止め どれがいい,4,2550,0,4,1950,0,
日焼け止め,category,sunscreen,rising,酸化 亜鉛 フリー 日焼け 止め,5,1250,0,5,1450,0,
日焼け止め,category,sunscreen,rising,メラノ cc,6,600,0,6,600,0,
日焼け止め,category,sunscreen,rising,メラノ cc 日焼け 止め,7,600,0,7,600,0,
日焼け止め,category,sunscreen,rising,ドクター ジー 日焼け 止め,8,450,0,8,450,0,
日焼け止め,category,sunscreen,rising,ビオレ 日焼け 止め スプレー,9,300,0,9,250,0,
日焼け止め,category,sunscreen,rising,イハダ 日焼け 止め,10,250,0,12,250,0,
日焼け止め,category,sunscreen,rising,ミノン 日焼け 止め,11,250,0,11,250,0,
日焼け止め,category,sunscreen,rising,日焼け 止め ミスト,12,200,0,10,250,0,
日焼け止め,category,sunscreen,rising,ビオレ 日焼け 止め アクア リッチ,13,180,0,13,180,0,
日焼け止め,category,sunscreen,rising,ビオレ uv アクア リッチ,14,180,0,15,160,0,
日焼け止め,category,sunscreen,rising,日焼け 止め ランキング ドラッグ ストア,15,170,0,14,160,0,
日焼け止め,category,sunscreen,rising,日焼け 止め 最強,16,150,0,17,140,0,
日焼け止め,category,sunscreen,rising,無印 日焼け 止め ミルク,17,140,0,18,130,0,
日焼け止め,category,sunscreen,rising,アンテ リージェ 日焼け 止め,18,140,0,16,140,0,
日焼け止め,category,sunscreen,rising,クレドポー ボーテ 日焼け 止め,19,130,0,19,120,0,
日焼け止め,category,sunscreen,rising,アスリズム 日焼け 止め,20,110,0,21,110,0,
日焼け止め,category,sunscreen,rising,日焼け 止め からだ 用,22,90,0,22,90,0,
日焼け止め,category,sunscreen,rising,田中 みな 実 日焼け 止め,23,80,0,20,120,0,
日焼け止め,category,sunscreen,rising,日焼け 止め 服 につい た,25,80,0,24,80,0,
日焼け止め,category,sunscreen,top,日焼け 止め,1,100,0,1,100,0,
日焼け止め,category,sunscreen,top,日焼け 止め 下地,3,5,0,3,5,0,
日焼け止め,category,sunscreen,top,日焼け 止め ランキング,5,5,0,5,5,0,
日焼け止め,category,sunscreen,top,日焼け 止め クリーム,6,4,0,6,4,0,
日焼け止め,category,sunscreen,top,アネッサ,7,4,0,8,4,0,
日焼け止め,category,sunscreen,top,アクア 日焼け 止め,8,4,0,9,4,0,
日焼け止め,category,sunscreen,top,日焼け 止め スプレー,9,4,0,7,4,0,
日焼け止め,category,sunscreen,top,日焼け 止め アネッサ,11,4,0,11,4,0,
日焼け止め,category,sunscreen,top,飲む 日焼け 止め,13,3,0,12,3,0,
日焼け止め,category,sunscreen,top,日焼け 止め 効果,14,3,0,13,3,0,
日焼け止め,category,sunscreen,top,日焼け 止め スキン アクア,17,2,0,14,2,0,
日焼け止め,category,sunscreen,top,日焼け 止め ニベア,18,2,0,16,2,0,
日焼け止め,category,sunscreen,top,スキン アクア,19,2,0,17,2,0,
日焼け止め,category,sunscreen,top,日焼け 止め ジェル,20,2,0,19,2,0,
日焼け止め,category,sunscreen,top,日焼け 止め パウダー,21,2,0,20,2,0,
日焼け止め,category,sunscreen,top,日焼け 止め スティック,22,2,0,21,2,0,
日焼け止め,category,sunscreen,top,無印 日焼け 止め,23,2,0,22,2,0,
日焼け止め,category,sunscreen,top,日焼け 止め メンズ,24,2,0,23,2,0,
化粧品,category,umbrella,rising,リージュ 化粧品,1,19000,1,1,19350,1,
化粧品,category,umbrella,rising,megumi 化粧品,2,5050,1,2,8650,1,
化粧品,category,umbrella,rising,大谷 翔平 化粧品,3,3500,0,3,3500,0,
化粧品,category,umbrella,rising,大谷 化粧品,4,1850,0,4,2100,0,
化粧品,category,umbrella,rising,エクソソーム 化粧品,5,1700,0,5,1500,0,
化粧品,category,umbrella,rising,化粧品 トナー と は,6,400,0,6,400,0,
化粧品,category,umbrella,rising,ルヴィ 化粧品,7,400,0,7,350,0,
化粧品,category,umbrella,rising,ナイアシン アミド 化粧品,8,300,0,8,300,0,
化粧品,category,umbrella,rising,化粧品 捨て 方,9,200,0,9,200,0,
化粧品,category,umbrella,rising,化粧品 検定 1 級,10,200,0,10,200,0,
化粧品,category,umbrella,rising,ふるさと 納税 化粧品,11,140,0,12,140,0,
化粧品,category,umbrella,rising,化粧品 検定 3 級,12,140,0,11,160,0,
化粧品,category,umbrella,rising,レチノール 化粧品,13,130,0,13,130,0,
化粧品,category,umbrella,rising,エルメス 化粧品,14,120,0,14,120,0,
化粧品,category,umbrella,rising,シャンソン 化粧品 バスケ,15,110,0,16,110,0,sport
化粧品,category,umbrella,rising,化粧品 成分 検定,16,100,0,15,110,0,
化粧品,category,umbrella,rising,クリスティーナ 化粧品,17,90,0,17,90,0,
化粧品,category,umbrella,rising,銀座 ステファニー 化粧品,18,90,0,19,90,0,
化粧品,category,umbrella,rising,東京 化粧品 健康 保険 組合,19,80,0,20,80,0,other
化粧品,category,umbrella,rising,日本 化粧品 検定 3 級,20,80,0,21,80,0,
化粧品,category,umbrella,rising,化粧品 使用 期限,21,80,0,18,90,0,
化粧品,category,umbrella,rising,dior 化粧品,22,60,0,23,60,0,
化粧品,category,umbrella,rising,カウンセリング 化粧品 と は,24,50,0,22,60,0,
化粧品,category,umbrella,top,化粧品 会社,1,100,0,1,100,0,
化粧品,category,umbrella,top,基礎 化粧品,3,72,0,2,68,0,
化粧品,category,umbrella,top,化粧品 検定,4,68,0,3,65,0,
化粧品,category,umbrella,top,化粧品 ブランド,5,60,0,4,60,0,
化粧品,category,umbrella,top,化粧品 ランキング,6,53,0,8,48,0,
化粧品,category,umbrella,top,化粧品 メーカー,7,51,0,6,51,0,
化粧品,category,umbrella,top,韓国 化粧品,8,50,0,5,52,0,
化粧品,category,umbrella,top,化粧品 成分,9,48,0,7,49,0,
化粧品,category,umbrella,top,資生堂 化粧品,10,45,0,10,43,0,
化粧品,category,umbrella,top,資生堂,11,44,0,9,46,0,
化粧品,category,umbrella,top,化粧品 プレゼント,12,41,0,11,41,0,
化粧品,category,umbrella,top,無印 化粧品,13,39,0,12,40,0,
化粧品,category,umbrella,top,ナリス 化粧品,14,34,0,13,34,0,
化粧品,category,umbrella,top,イオン 化粧品,15,33,0,14,34,0,
化粧品,category,umbrella,top,男性 化粧品,16,29,0,17,27,0,
化粧品,category,umbrella,top,50 代 化粧品,17,27,0,15,27,0,
化粧品,category,umbrella,top,シャネル,18,27,0,18,27,0,
化粧品,category,umbrella,top,メンズ 化粧品,19,27,0,16,27,0,
化粧品,category,umbrella,top,シャネル 化粧品,20,26,0,19,26,0,
化粧品,category,umbrella,top,化粧品 収納,21,25,0,21,25,0,
化粧品,category,umbrella,top,コーセー,22,25,0,20,25,0,
化粧品,category,umbrella,top,コーセー 化粧品,23,25,0,22,25,0,
化粧品,category,umbrella,top,ディオール 化粧品,25,24,0,24,23,0,
ナイアシンアミド,ingredient,,rising,アヌア,1,174450,1,2,174350,1,
ナイアシンアミド,ingredient,,rising,アヌア ナイアシン アミド,2,174250,1,1,174350,1,
ナイアシンアミド,ingredient,,rising,アゼライン 酸,10,300,0,5,300,0,
ナイアシンアミド,ingredient,,rising,レチノール 美容 液,12,250,0,6,250,0,
ナイアシンアミド,ingredient,,rising,レチノール 効果,15,180,0,10,160,0,
ナイアシンアミド,ingredient,,rising,ナイアシン アミド パック,17,170,0,9,170,0,
ナイアシンアミド,ingredient,,rising,ナイアシン アミド レチノール,18,170,0,12,150,0,
ナイアシンアミド,ingredient,,rising,レチノール,19,160,0,11,150,0,
ナイアシンアミド,ingredient,,rising,ナイアシン アミド 美容 液,20,130,0,13,130,0,
ナイアシンアミド,ingredient,,rising,セラミド,21,120,0,14,120,0,
ナイアシンアミド,ingredient,,rising,ビタミン c,23,60,0,15,60,0,
ナイアシンアミド,ingredient,,top,ナイアシン,1,100,0,2,98,0,
ナイアシンアミド,ingredient,,top,ナイアシン アミド,2,99,0,1,100,0,
ナイアシンアミド,ingredient,,top,ナイアシン 効果,3,19,0,4,19,0,
ナイアシンアミド,ingredient,,top,ナイアシン アミド 効果,4,18,0,3,19,0,
ナイアシンアミド,ingredient,,top,ナイアシン アミド レチノール,5,13,0,6,12,0,
ナイアシンアミド,ingredient,,top,レチノール,6,13,0,5,13,0,
ナイアシンアミド,ingredient,,top,ナイアシン アミド 美容 液,7,8,0,7,8,0,
ナイアシンアミド,ingredient,,top,ナイアシン アミド クリーム,8,7,0,8,7,0,
ナイアシンアミド,ingredient,,top,ビタミン c,10,6,0,9,7,0,
ナイアシンアミド,ingredient,,top,ナイアシン アミド 化粧品,11,5,0,10,5,0,
ナイアシンアミド,ingredient,,top,セラミド,15,3,0,13,3,0,
ナイアシンアミド,ingredient,,top,レチノール 効果,16,2,0,15,2,0,
ナイアシンアミド,ingredient,,top,ナイアシン アミド 無印,17,2,0,16,2,0,
ナイアシンアミド,ingredient,,top,アゼライン 酸,18,2,0,17,2,0,
ナイアシンアミド,ingredient,,top,ナイアシン アミド パック,20,2,0,19,2,0,
ナイアシンアミド,ingredient,,top,ナイアシン アミド 毛穴,21,2,0,20,2,0,
ナイアシンアミド,ingredient,,top,アヌア,22,2,0,22,2,0,
ナイアシンアミド,ingredient,,top,アヌア ナイアシン アミド,23,2,0,21,2,0,
ナイアシンアミド,ingredient,,top,レチノール 美容 液,25,2,0,24,2,0,
レチノール,ingredient,,rising,アヌア,1,313100,1,4,47550,1,
レチノール,ingredient,,rising,cosrx レチノール,2,133050,1,1,130950,1,
レチノール,ingredient,,rising,リードル ショット,3,75650,1,2,75150,1,
レチノール,ingredient,,rising,コス アール エックス レチノール,4,58550,1,3,58600,1,
レチノール,ingredient,,rising,アヌア 美容 液,5,41750,1,5,41600,1,
レチノール,ingredient,,rising,レチノール ディープ クレンザー,6,40350,1,19,3600,0,
レチノール,ingredient,,rising,イニス フリー レチノール 順番,7,37800,1,6,37550,1,
レチノール,ingredient,,rising,キテン レチノール,8,35800,1,7,35550,1,
レチノール,ingredient,,rising,アヌア レチノール 使い方,9,34600,1,8,34150,1,
レチノール,ingredient,,rising,アヌア レチノール 順番,10,31300,1,18,4100,0,
レチノール,ingredient,,rising,キテン レチノール クリーム,12,25250,1,9,24950,1,
レチノール,ingredient,,rising,リア ラスター レチノール ディープ クレンザー,13,22600,1,10,22900,1,
レチノール,ingredient,,rising,アヌア レチノール,14,21000,1,11,22700,1,
レチノール,ingredient,,rising,リードル ショット レチノール 併用,15,20450,1,13,20600,1,
レチノール,ingredient,,rising,ボーダー フリー レチノール,17,15500,1,14,15650,1,
レチノール,ingredient,,rising,レチノール やめた ほうが いい,19,12450,1,25,1400,0,
レチノール,ingredient,,rising,イニス フリー レチノール 使い方,20,10950,1,16,6550,1,
レチノール,ingredient,,rising,vt レチノール,21,9950,1,15,14750,1,
レチノール,ingredient,,rising,レチノール シカ リペア セラム,22,7200,1,17,5750,1,
レチノール,ingredient,,rising,イニス フリー,23,2700,0,22,2750,0,
レチノール,ingredient,,rising,レチノール イニス フリー,24,2700,0,21,2800,0,
レチノール,ingredient,,rising,cosrx レチノール 使い方,25,2550,0,12,22700,1,
レチノール,ingredient,,top,レチノール 効果,1,100,0,1,100,0,
レチノール,ingredient,,top,レチノール クリーム,2,94,0,2,98,0,
レチノール,ingredient,,top,レチノール 美容 液,3,59,0,3,55,0,
レチノール,ingredient,,top,ビタミン c,4,51,0,7,44,0,
レチノール,ingredient,,top,レチノール イニス フリー,5,49,0,5,47,0,
レチノール,ingredient,,top,イニス フリー,6,49,0,4,48,0,
レチノール,ingredient,,top,ビタミン c レチノール,7,47,0,6,45,0,
レチノール,ingredient,,top,レチノール おすすめ,8,45,0,8,43,0,
レチノール,ingredient,,top,レチノール 使い方,9,43,0,9,41,0,
レチノール,ingredient,,top,キールズ,10,40,0,11,37,0,
レチノール,ingredient,,top,レチノール キールズ,11,40,0,10,37,0,
レチノール,ingredient,,top,シカ レチノール,12,34,0,13,32,0,
レチノール,ingredient,,top,レチノール 化粧 水,13,34,0,12,32,0,
レチノール,ingredient,,top,ナイアシン アミド レチノール,14,31,0,19,28,0,
レチノール,ingredient,,top,アヌア レチノール,15,30,0,14,30,0,
レチノール,ingredient,,top,レチノール 順番,16,29,0,17,28,0,
レチノール,ingredient,,top,ナイアシン アミド,17,29,0,18,28,0,
レチノール,ingredient,,top,レチノール ニキビ,18,29,0,15,30,0,
レチノール,ingredient,,top,アヌア,19,29,0,16,29,0,
レチノール,ingredient,,top,レチノール 反応,20,26,0,21,23,0,
レチノール,ingredient,,top,レチノール パック,22,22,0,22,20,0,
レチノール,ingredient,,top,レチノール a 反応,23,20,0,23,19,0,
レチノール,ingredient,,top,レチノール 化粧品,25,15,0,25,15,0,
レチナール,ingredient,,rising,レチナール スキン ブースター セラム,1,230350,1,2,500,0,
レチナール,ingredient,,rising,レチナール 効果,2,170,0,4,130,0,
レチナール,ingredient,,rising,レチノール レチナール 違い,4,80,0,6,70,0,
レチナール,ingredient,,rising,レチナール クリーム,5,70,0,5,90,0,
レチナール,ingredient,,top,レチノール レチナール,1,100,0,2,99,0,
レチナール,ingredient,,top,レチノール,2,99,0,1,100,0,
レチナール,ingredient,,top,レチノール レチナール 違い,3,33,0,3,33,0,
レチナール,ingredient,,top,レチナール 効果,4,28,0,4,29,0,
レチナール,ingredient,,top,レチナール クリーム,5,25,0,5,23,0,
レチナール,ingredient,,top,レチノール と は,6,17,0,6,16,0,
レチナール,ingredient,,top,レチナール 化粧品,7,14,0,7,14,0,
レチナール,ingredient,,top,レチナール スキン ブースター セラム,9,10,0,8,13,0,
レチナール,ingredient,,top,レチノール クリーム,10,8,0,10,9,0,
ヒアルロン酸,ingredient,,rising,アヌア ヒアルロン 酸,1,11650,1,1,34450,1,
ヒアルロン酸,ingredient,,rising,膝 ヒアルロン 酸 打ち 続ける と,2,1200,0,2,1200,0,medical
ヒアルロン酸,ingredient,,rising,鼻翼 基部 ヒアルロン 酸,3,600,0,3,550,0,cosmetic_treatment
ヒアルロン酸,ingredient,,rising,ルラ 美容 クリニック,4,350,0,4,350,0,clinic
ヒアルロン酸,ingredient,,rising,ヒアルロン 酸 na 点眼 液,5,300,0,5,300,0,medical
ヒアルロン酸,ingredient,,rising,ほう れい 線 ヒアルロン 酸 何 cc,6,200,0,6,200,0,cosmetic_treatment
ヒアルロン酸,ingredient,,rising,tcb ヒアルロン 酸,7,200,0,8,200,0,clinic
ヒアルロン酸,ingredient,,rising,tcb,8,190,0,7,200,0,clinic
ヒアルロン酸,ingredient,,rising,唇 ヒアルロン 酸 ダウン タイム,9,190,0,9,190,0,cosmetic_treatment
ヒアルロン酸,ingredient,,rising,顎 ヒアルロン 酸 何 cc,10,160,0,10,160,0,cosmetic_treatment
ヒアルロン酸,ingredient,,rising,ヒアルロン 酸 ダウン タイム,11,150,0,11,150,0,cosmetic_treatment
ヒアルロン酸,ingredient,,rising,ヒアルロン 酸 na,12,130,0,12,120,0,
ヒアルロン酸,ingredient,,rising,ヒアルロン 酸 ナトリウム 点眼 液,13,120,0,13,120,0,medical
ヒアルロン酸,ingredient,,rising,ヒアルロン 酸 点眼 液,14,110,0,14,110,0,medical
ヒアルロン酸,ingredient,,rising,ヒアルロン 酸 リフト,15,100,0,16,110,0,cosmetic_treatment
ヒアルロン酸,ingredient,,rising,ヒアルロン 酸 目薬,16,80,0,17,70,0,medical
ヒアルロン酸,ingredient,,rising,ヒアルロン 酸 と は,18,60,0,19,70,0,
ヒアルロン酸,ingredient,,rising,ヒアルロン 酸 点眼,19,60,0,18,70,0,medical
ヒアルロン酸,ingredient,,rising,ほう れい 線,20,60,0,20,70,0,
ヒアルロン酸,ingredient,,rising,頬 ヒアルロン 酸,21,40,0,23,40,0,cosmetic_treatment
ヒアルロン酸,ingredient,,top,ヒアルロン 酸,1,100,0,1,100,0,
ヒアルロン酸,ingredient,,top,ヒアルロン 酸 注射,2,11,0,2,11,0,cosmetic_treatment
ヒアルロン酸,ingredient,,top,ほう れい 線,3,7,0,3,7,0,
ヒアルロン酸,ingredient,,top,涙 袋 ヒアルロン 酸,5,6,0,5,6,0,cosmetic_treatment
ヒアルロン酸,ingredient,,top,ヒアルロン 酸 効果,6,6,0,6,6,0,
ヒアルロン酸,ingredient,,top,鼻 ヒアルロン 酸,7,5,0,7,5,0,cosmetic_treatment
ヒアルロン酸,ingredient,,top,ヒアルロン 酸 目薬,9,5,0,9,5,0,medical
ヒアルロン酸,ingredient,,top,ヒアルロン 酸 点眼,10,4,0,13,4,0,medical
ヒアルロン酸,ingredient,,top,ヒアルロン 酸 と は,12,4,0,10,4,0,
ヒアルロン酸,ingredient,,top,湘南 ヒアルロン 酸,13,4,0,15,4,0,clinic
ヒアルロン酸,ingredient,,top,ヒアルロン 酸 点眼 液,15,3,0,16,3,0,medical
ヒアルロン酸,ingredient,,top,ヒアルロン 酸 注入,17,3,0,19,3,0,cosmetic_treatment
ヒアルロン酸,ingredient,,top,ヒアルロン 酸 ナトリウム,18,3,0,21,3,0,
ヒアルロン酸,ingredient,,top,ヒアルロン 酸 顔,19,3,0,18,3,0,
ヒアルロン酸,ingredient,,top,目の下 ヒアルロン 酸,20,3,0,20,3,0,cosmetic_treatment
ヒアルロン酸,ingredient,,top,コラーゲン,21,2,0,23,2,0,
ヒアルロン酸,ingredient,,top,ヒアルロン 酸 リフト,22,2,0,24,2,0,cosmetic_treatment
セラミド,ingredient,,rising,アゼライン 酸,1,3000,0,1,9400,1,
セラミド,ingredient,,rising,レチノール セラミド 併用,2,1600,0,2,1550,0,
セラミド,ingredient,,rising,ナイアシン アミド,3,1000,0,3,1050,0,
セラミド,ingredient,,rising,ナイアシン アミド 化粧 水,4,1000,0,4,1000,0,
セラミド,ingredient,,rising,アン レーベル ラボ セラミド,5,750,0,6,850,0,
セラミド,ingredient,,rising,レチノール と は,6,700,0,7,700,0,
セラミド,ingredient,,rising,桃 セラミド パック はがす タイプ,7,650,0,9,650,0,
セラミド,ingredient,,rising,アン レーベル セラミド,8,650,0,8,700,0,
セラミド,ingredient,,rising,レチノール,10,550,0,12,550,0,
セラミド,ingredient,,rising,セラミエイド,11,550,0,10,650,0,
セラミド,ingredient,,rising,レチノール 効果,12,500,0,13,500,0,
セラミド,ingredient,,rising,カルテ hd,13,400,0,14,400,0,
セラミド,ingredient,,rising,アオヤマラボ セラミド 化粧 水,14,250,0,15,250,0,
セラミド,ingredient,,rising,ブルー セラミド,15,200,0,16,200,0,
セラミド,ingredient,,rising,セザンヌ セラミド 乳液,16,190,0,17,180,0,
セラミド,ingredient,,rising,5 種 の セラミド 化粧 水,17,120,0,18,130,0,
セラミド,ingredient,,rising,ケアセラ,19,110,0,20,110,0,
セラミド,ingredient,,rising,セラミド ap,20,100,0,22,90,0,
セラミド,ingredient,,rising,セラミド バリア,22,90,0,23,90,0,
セラミド,ingredient,,rising,ロート 製薬 セラミド,23,80,0,21,100,0,
セラミド,ingredient,,rising,セラミド パック,24,70,0,25,50,0,
セラミド,ingredient,,rising,ビタミン c,25,60,0,24,60,0,
セラミド,ingredient,,top,化粧 水,1,100,0,2,98,0,
セラミド,ingredient,,top,セラミド クリーム,3,61,0,3,59,0,
セラミド,ingredient,,top,セラミド 効果,4,39,0,4,35,0,
セラミド,ingredient,,top,セラミド 美容 液,5,31,0,5,32,0,
セラミド,ingredient,,top,セラミド 保湿,7,21,0,8,20,0,
セラミド,ingredient,,top,セラミド おすすめ,8,20,0,9,19,0,
セラミド,ingredient,,top,ヒト 型 セラミド,9,19,0,7,21,0,
セラミド,ingredient,,top,キュレル,10,18,0,10,17,0,
セラミド,ingredient,,top,セラミド パック,11,18,0,12,16,0,
セラミド,ingredient,,top,セラミド 化粧品,12,17,0,16,15,0,
セラミド,ingredient,,top,セラミド サプリ,14,16,0,14,16,0,
セラミド,ingredient,,top,レチノール,16,16,0,17,15,0,
セラミド,ingredient,,top,セラミド スキンケア,17,13,0,13,16,0,
セラミド,ingredient,,top,ヒアルロン 酸,18,12,0,18,11,0,
セラミド,ingredient,,top,ナイアシン アミド,19,11,0,20,10,0,
セラミド,ingredient,,top,セラミド ミルク,20,10,0,21,10,0,
セラミド,ingredient,,top,ビタミン c,21,10,0,22,10,0,
セラミド,ingredient,,top,セラミド 洗顔,22,10,0,23,9,0,
セラミド,ingredient,,top,セラミド ニキビ,23,9,0,24,9,0,
セラミド,ingredient,,top,かず の すけ セラミド,24,8,0,25,8,0,
グルタチオン,ingredient,,rising,ナンバーズ イン,1,284250,1,1,280050,1,
グルタチオン,ingredient,,rising,白玉 グルタチオン c 美容 液,2,159850,1,18,6700,1,
グルタチオン,ingredient,,rising,ナンバーズ イン 5 番,3,98100,1,3,95750,1,
グルタチオン,ingredient,,rising,スキン アンド ラブ,4,94800,1,4,95550,1,
グルタチオン,ingredient,,rising,グルタチオン フィルム,5,92100,1,19,3200,0,
グルタチオン,ingredient,,rising,メディ キューブ グルタチオン,6,76250,1,6,76150,1,
グルタチオン,ingredient,,rising,アゼライン 酸,7,60150,1,8,59950,1,
グルタチオン,ingredient,,rising,5 番 白玉 グルタチオン c 美容 液,8,58900,1,9,59500,1,
グルタチオン,ingredient,,rising,エクソソーム,10,43550,1,11,43550,1,
グルタチオン,ingredient,,rising,白玉 グルタチオン c フィルム パッド,11,36500,1,12,35700,1,
グルタチオン,ingredient,,rising,白玉 グルタチオン c ふりかけ マスク,12,34150,1,13,33100,1,
グルタチオン,ingredient,,rising,グルタチオン グロウ アンプル,13,24200,1,14,23900,1,
グルタチオン,ingredient,,rising,ナンバーズ イン グルタチオン,14,11500,1,16,18500,1,
グルタチオン,ingredient,,rising,ナンバーズ イン 白玉 グルタチオン,15,9050,1,2,150600,1,
グルタチオン,ingredient,,rising,グルタチオン トナー,16,7450,1,17,7300,1,
グルタチオン,ingredient,,rising,スキン アンド ラブ グルタチオン トナー,17,3050,0,5,78350,1,
グルタチオン,ingredient,,rising,グルタチオン レチノール 併用,18,2900,0,22,1300,0,
グルタチオン,ingredient,,rising,メディ キューブ,19,1750,0,7,74550,1,
グルタチオン,ingredient,,rising,グルタチオン 美容 液 効果,20,1450,0,25,1150,0,
グルタチオン,ingredient,,rising,レチノール,21,1300,0,20,1450,0,
グルタチオン,ingredient,,rising,グルタチオン 美容 液,22,1200,0,21,1350,0,
グルタチオン,ingredient,,rising,ナイアシン アミド,23,1100,0,23,1150,0,
グルタチオン,ingredient,,top,グルタチオン 効果,1,100,0,1,100,0,
グルタチオン,ingredient,,top,グルタチオン サプリ,2,64,0,2,57,0,
グルタチオン,ingredient,,top,白玉 グルタチオン,3,46,0,4,40,0,
グルタチオン,ingredient,,top,グルタチオン 点滴,4,44,0,3,40,0,cosmetic_treatment
グルタチオン,ingredient,,top,グルタチオン 美容 液,5,24,0,5,20,0,
グルタチオン,ingredient,,top,グルタチオン トナー,6,18,0,9,15,0,
グルタチオン,ingredient,,top,グルタチオン ビタミン c,7,18,0,6,18,0,
グルタチオン,ingredient,,top,ビタミン c,8,18,0,7,16,0,
グルタチオン,ingredient,,top,グルタチオン 注射,9,17,0,8,16,0,cosmetic_treatment
グルタチオン,ingredient,,top,ナンバーズ イン グルタチオン,10,16,0,10,14,0,
グルタチオン,ingredient,,top,ナンバーズ イン,11,16,0,11,14,0,
グルタチオン,ingredient,,top,グルタチオン クリーム,12,14,0,12,12,0,
グルタチオン,ingredient,,top,システイン,13,12,0,13,10,0,
グルタチオン,ingredient,,top,白玉 点滴,14,12,0,14,10,0,cosmetic_treatment
グルタチオン,ingredient,,top,グルタチオン 美白,15,10,0,15,8,0,
グルタチオン,ingredient,,top,レチノール,16,10,0,16,8,0,
グルタチオン,ingredient,,top,トラネキサム 酸,17,9,0,18,8,0,
グルタチオン,ingredient,,top,白玉 グルタチオン c 美容 液,18,9,0,19,8,0,
グルタチオン,ingredient,,top,グルタチオン 点滴 効果,19,9,0,20,7,0,cosmetic_treatment
グルタチオン,ingredient,,top,グルタチオン 化粧 水,20,9,0,21,7,0,
グルタチオン,ingredient,,top,ナンバーズ イン 白玉 グルタチオン,21,9,0,22,7,0,
グルタチオン,ingredient,,top,グルタチオン 副作用,22,7,0,23,6,0,
アゼライン酸,ingredient,,rising,コスデバハ,1,409200,1,2,414550,1,
アゼライン酸,ingredient,,rising,メディ キューブ,2,196250,1,3,195100,1,
アゼライン酸,ingredient,,rising,pdrn,5,109400,1,7,107050,1,
アゼライン酸,ingredient,,rising,アヌア アゼライン 酸 15,6,95550,1,8,94950,1,
アゼライン酸,ingredient,,rising,ルルルン アゼライン 酸,7,78400,1,10,79000,1,
アゼライン酸,ingredient,,rising,アヌア 化粧 水,8,72150,1,11,73000,1,
アゼライン酸,ingredient,,rising,アヌア アゼライン 酸 パック,9,58500,1,13,56750,1,
アゼライン酸,ingredient,,rising,コスデバハ アゼライン 酸 使い方,11,56350,1,14,56450,1,
アゼライン酸,ingredient,,rising,メディ キューブ アゼライン 酸 トナー,12,37250,1,16,35400,1,
アゼライン酸,ingredient,,rising,アヌア,13,3800,0,1,843300,1,
アゼライン酸,ingredient,,rising,メディ キューブ アゼライン 酸,15,1350,0,18,1050,0,
アゼライン酸,ingredient,,rising,アゼライン 酸 美容 液,16,1100,0,20,800,0,
アゼライン酸,ingredient,,rising,アゼライン 酸 パック,17,550,0,19,1000,0,
アゼライン酸,ingredient,,rising,レチノール アゼライン 酸 併用,18,200,0,22,200,0,
アゼライン酸,ingredient,,rising,レチノール,20,160,0,23,190,0,
アゼライン酸,ingredient,,rising,アゼライン 酸 併用,21,120,0,24,130,0,
アゼライン酸,ingredient,,top,アゼライン 酸,1,100,0,2,99,0,
アゼライン酸,ingredient,,top,アゼライン,2,100,0,1,100,0,
アゼライン酸,ingredient,,top,アゼライン 酸 効果,3,11,0,3,11,0,
アゼライン酸,ingredient,,top,アゼライン 酸 美容 液,4,9,0,4,9,0,
アゼライン酸,ingredient,,top,アヌア,5,8,0,5,8,0,
アゼライン酸,ingredient,,top,アゼライン 酸 クリーム,6,8,0,7,7,0,
アゼライン酸,ingredient,,top,アゼライン 酸 併用,7,8,0,6,8,0,
アゼライン酸,ingredient,,top,レチノール,8,7,0,9,7,0,
アゼライン酸,ingredient,,top,アゼライン 酸 化粧 水,11,4,0,12,4,0,
アゼライン酸,ingredient,,top,コスデバハ,12,4,0,14,4,0,
アゼライン酸,ingredient,,top,アゼライン 酸 パック,13,3,0,16,3,0,
アゼライン酸,ingredient,,top,アゼライン 酸 と は,14,3,0,18,3,0,
アゼライン酸,ingredient,,top,アゼライン 酸 使い方,15,3,0,19,3,0,
アゼライン酸,ingredient,,top,ナイアシン アミド,16,2,0,20,2,0,
アゼライン酸,ingredient,,top,ロート 製薬,18,2,0,22,2,0,
アゼライン酸,ingredient,,top,アゼライン 酸 おすすめ,19,2,0,21,2,0,
アゼライン酸,ingredient,,top,アゼライン 酸 皮膚 科,20,2,0,23,2,0,
アゼライン酸,ingredient,,top,レチノール アゼライン 酸 併用,21,2,0,24,2,0,
アゼライン酸,ingredient,,top,メディ キューブ アゼライン 酸,23,2,0,25,2,0,
エクソソーム,ingredient,,rising,ポテンツァ,3,122400,1,1,122300,1,cosmetic_treatment
エクソソーム,ingredient,,rising,メディ キューブ エクソソーム,4,117700,1,2,118100,1,
エクソソーム,ingredient,,rising,メディ キューブ,5,117600,1,3,117050,1,
エクソソーム,ingredient,,rising,レチノール,6,83550,1,5,81250,1,
エクソソーム,ingredient,,rising,エクソソーム カズ レーザー,7,81750,1,6,81150,1,other
エクソソーム,ingredient,,rising,エクソソーム 値段,8,72850,1,8,71400,1,
エクソソーム,ingredient,,rising,msc 療法,10,63300,1,9,62650,1,medical
エクソソーム,ingredient,,rising,エクソソーム 点 鼻薬,11,56850,1,12,57850,1,medical
エクソソーム,ingredient,,rising,グルタチオン,12,55450,1,13,54100,1,
エクソソーム,ingredient,,rising,カズ レーザー と 学ぶ,13,52150,1,14,52900,1,other
エクソソーム,ingredient,,rising,カズ レーザー と 学ぶ エクソソーム,14,51850,1,15,51200,1,other
エクソソーム,ingredient,,rising,cica エクソソーム,15,49500,1,16,49250,1,
エクソソーム,ingredient,,rising,日比野 佐和子 エクソソーム,16,45750,1,19,43850,1,
エクソソーム,ingredient,,rising,ルルルン エクソソーム,17,45100,1,17,45800,1,
エクソソーム,ingredient,,rising,エクソソー む,18,44250,1,18,44000,1,
エクソソーム,ingredient,,rising,エクソソーム 点滴 大阪,19,39350,1,21,40000,1,cosmetic_treatment
エクソソーム,ingredient,,rising,エクソソーム 点滴 東京,24,32800,1,25,31650,1,cosmetic_treatment
エクソソーム,ingredient,,rising,エクソソーム 点滴 費用,25,31800,1,24,32000,1,cosmetic_treatment
エクソソーム,ingredient,,top,エクソソーム 点滴,1,100,0,1,100,0,cosmetic_treatment
エクソソーム,ingredient,,top,エクソソーム 美容,2,65,0,2,64,0,
エクソソーム,ingredient,,top,エクソソーム 効果,3,55,0,3,53,0,
エクソソーム,ingredient,,top,エクソソーム クリニック,4,46,0,4,49,0,clinic
エクソソーム,ingredient,,top,幹細胞,5,41,0,6,42,0,
エクソソーム,ingredient,,top,エクソソーム 幹細胞,6,40,0,5,47,0,
エクソソーム,ingredient,,top,エクソソーム 化粧品,7,37,0,7,39,0,
エクソソーム,ingredient,,top,ダーマペン,8,33,0,9,34,0,cosmetic_treatment
エクソソーム,ingredient,,top,エクソソーム ダーマペン,9,33,0,8,34,0,cosmetic_treatment
エクソソーム,ingredient,,top,エクソソーム 治療,10,28,0,10,29,0,medical
エクソソーム,ingredient,,top,エクソソーム 注射,11,25,0,11,25,0,cosmetic_treatment
エクソソーム,ingredient,,top,エクソソーム 美容 液,12,24,0,12,25,0,
エクソソーム,ingredient,,top,エクソソーム 医療,13,23,0,13,24,0,medical
エクソソーム,ingredient,,top,エクソソーム パック,14,19,0,14,20,0,
エクソソーム,ingredient,,top,エクソソーム 大阪,15,16,0,15,17,0,
エクソソーム,ingredient,,top,ダーマペン 4,16,15,0,18,15,0,cosmetic_treatment
エクソソーム,ingredient,,top,エクソソーム 死亡,17,15,0,16,15,0,medical
エクソソーム,ingredient,,top,ダーマペン 4 エクソソーム,18,15,0,17,15,0,cosmetic_treatment
エクソソーム,ingredient,,top,ヒト 幹細胞,19,15,0,19,15,0,
エクソソーム,ingredient,,top,エクソソーム クリーム,20,14,0,20,14,0,
エクソソーム,ingredient,,top,ポテンツァ,22,12,0,22,12,0,cosmetic_treatment
エクソソーム,ingredient,,top,エクソソーム 療法,23,12,0,24,12,0,medical
エクソソーム,ingredient,,top,メディ キューブ エクソソーム,24,12,0,23,12,0,
エクソソーム,ingredient,,top,メディ キューブ,25,11,0,25,12,0,
